COD.MUN;MUNICIPI;DTE.;SECCIÓ;SUB.;MESA;COMPREN ELS ELECTORS;LOCALS EN QUE SE CELEBRA LA VOTACIÓ;DIRECCIÓ
17001;AGULLANA;01;001;;U;A Z;AJUNTAMENT D’AGULLANA (BAIXOS);C/ LLUÍS GOMIS NUM: 2 - AGULLANA (17707)
17002;AIGUAVIVA;01;001;;U;A Z;CASA DE LA VILA (BAIXOS);PLAÇA CONSTITUCIONAL NUM: 1 - AIGUAVIVA (17181)
17003;ALBANYÀ;01;001;;U;A Z;LOCAL POLIVALENT MUNICIPAL;C/ FIGUERES NUM: 15 - ALBANYÀ (17733)
17004;ALBONS;01;001;;U;A Z;SALA D’EXPOSICIONS MUNICIPAL;PLAÇA POBLE NUM: 1 - ALBONS (17136)
17005;FAR D’EMPORDÀ (EL);01;001;;;U A a la;Z NOU AJUNTAMENT DEL FAR D’EMPORDÀ (VESTÍBUL - BAIXOS);PLAÇA AJUNTAMENT NUM: 1 - FAR D’EMPORDÀ (EL) (17469)
17006;ALP;01;001;;A;A L;COL·LEGI ELECTORAL;PLCET CASINO (DEL) NUM: 1 - ALP (17538)
17006;ALP;01;001;;B;M Z;COL·LEGI ELECTORAL;PLCET CASINO (DEL) NUM: 1 - ALP (17538)
17007;AMER;01;001;;A;A D;CASAL D’AMER;RBLA MONESTIR NUM: 6 - AMER (17170)
17007;AMER;01;001;;B;E O;CASAL D’AMER;RBLA MONESTIR NUM: 6 - AMER (17170)
17007;AMER;01;001;;C;P Z;CASAL D’AMER;RBLA MONESTIR NUM: 6 - AMER (17170)
17008;ANGLÈS;01;001;;U;A Z;LLAR D’INFANTS MUNICIPAL;C/ JOAN COROMINAS (DE) S/N - ANGLÈS (17160)
17008;ANGLÈS;01;002;;A;A L;LLAR D’INFANTS MUNICIPAL;C/ JOAN COROMINAS (DE) S/N - ANGLÈS (17160)
17008;ANGLÈS;01;002;;B;M Z;LLAR D’INFANTS MUNICIPAL;C/ JOAN COROMINAS (DE) S/N - ANGLÈS (17160)
17008;ANGLÈS;01;003;;A;A L;LLAR D’INFANTS MUNICIPAL;C/ JOAN COROMINAS (DE) S/N - ANGLÈS (17160)
17008;ANGLÈS;01;003;;B;M Z;LLAR D’INFANTS MUNICIPAL;C/ JOAN COROMINAS (DE) S/N - ANGLÈS (17160)
17009;ARBÚCIES;01;001;;A;A L;CEIP DR. CARULLA;AV PAÏSOS CATALANS S/N - ARBÚCIES (17401)
17009;ARBÚCIES;01;001;;B;M Z;CEIP DR. CARULLA;AV PAÏSOS CATALANS S/N - ARBÚCIES (17401)
17009;ARBÚCIES;01;002;;A;A K;CEIP DR. CARULLA;AV PAÏSOS CATALANS S/N - ARBÚCIES (17401)
17009;ARBÚCIES;01;002;;B;L Z;CEIP DR. CARULLA;AV PAÏSOS CATALANS S/N - ARBÚCIES (17401)
17009;ARBÚCIES;02;001;;A;A L;CEIP DR. CARULLA;AV PAÏSOS CATALANS S/N - ARBÚCIES (17401)
17009;ARBÚCIES;02;001;;B;M Z;CEIP DR. CARULLA;AV PAÏSOS CATALANS S/N - ARBÚCIES (17401)
17010;ARGELAGUER;01;001;;U;A Z;CASAL D’ARGELAGUER;CTRA OLOT (D’) NUM: 35 - ARGELAGUER (17853)
17011;ARMENTERA (L’);01;001;;U;A Z;AJUNTAMENT DE L’ARMENTERA;CARRE PAU CASALS NUM: 2 - ARMENTERA (L’) (17472)
17012;AVINYONET DE PUIGVENTÓS;01;001;;A;A L;CENTRE CIVIC;C/ AJUNTAMENT NUM: 4 - AVINYONET DE PUIGVENTÓS (17742)
17012;AVINYONET DE PUIGVENTÓS;01;001;;B;M Z;CENTRE CIVIC;C/ AJUNTAMENT NUM: 4 - AVINYONET DE PUIGVENTÓS (17742)
17013;BEGUR;01;001;;A;A L;CASAL DE LA GENT GRAN;AV ONZE DE SETEMBRE NUM: 3 - BEGUR (17255)
17013;BEGUR;01;001;;B;M Z;CASAL DE LA GENT GRAN;AV ONZE DE SETEMBRE NUM: 3 - BEGUR (17255)
17013;BEGUR;01;002;;U;A Z;LOCAL POLIVALENT D’ESCLANYA;CARRE PERDIU NUM: 3 - ARGILES (LES) - ESCLANYA - BEGUR (17213)
17013;BEGUR;01;003;;A;A K;ESCOLES VELLES (BAIXOS);CARRE BONAVENTURA CARRERAS NUM: 11 - BEGUR (17255)
17013;BEGUR;01;003;;B;L Z;ESCOLES VELLES (BAIXOS);CARRE BONAVENTURA CARRERAS NUM: 11 - BEGUR (17255)
17014;VAJOL (LA);01;001;;U;A Z;AJUNTAMENT DE LA VAJOL (BAIXOS);CARRE PONENT S/N - VAJOL (LA) (17707)
17015;BANYOLES;01;001;;A;A L;ESCOLA MOSSEN BALDIRI REIXACH;C/ LLIBERTAT NUM: 76 - BANYOLES (17820)
17015;BANYOLES;01;001;;B;M Z;ESCOLA MOSSEN BALDIRI REIXACH;C/ LLIBERTAT NUM: 76 - BANYOLES (17820)
17015;BANYOLES;01;002;;U;A Z;ATENEU. CENTRE MPAL. D’ESTUDIS MUSICALS;PLAÇA MAJOR NUM: 40 - BANYOLES (17820)
17015;BANYOLES;01;003;;A;A L;ATENEU. CENTRE MPAL. D’ESTUDIS MUSICALS;PLAÇA MAJOR NUM: 40 - BANYOLES (17820)
17015;BANYOLES;01;003;;B;M Z;ATENEU. CENTRE MPAL. D’ESTUDIS MUSICALS;PLAÇA MAJOR NUM: 40 - BANYOLES (17820)
17015;BANYOLES;01;004;;A;A L;LOCAL ASSOCIACIO DE VEINS DE MAS PALAU;C/ SANT NARCIS NUM: 6 - BANYOLES (17820)
17015;BANYOLES;01;004;;B;M Z;LOCAL ASSOCIACIO DE VEINS DE MAS PALAU;C/ SANT NARCIS NUM: 6 - BANYOLES (17820)
17015;BANYOLES;01;005;;A;A L;LOCAL SOCIAL DEL BARRI DE CAN PUIG;C/ FIGUERES NUM: 45 - BANYOLES (17820)
17015;BANYOLES;01;005;;B;M Z;LOCAL SOCIAL DEL BARRI DE CAN PUIG;C/ FIGUERES NUM: 45 - BANYOLES (17820)
17015;BANYOLES;02;001;;A;A L;AJUNTAMENT DE BANYOLES (SALA DE SESSIONS);PG INDUSTRIA NUM: 25 - BANYOLES (17820)
17015;BANYOLES;02;001;;B;M Z;AJUNTAMENT DE BANYOLES (SALA DE SESSIONS);PG INDUSTRIA NUM: 25 - BANYOLES (17820)
17015;BANYOLES;02;002;;A;A L;AJUNTAMENT DE BANYOLES (SALA DE SESSIONS);PG INDUSTRIA NUM: 25 - BANYOLES (17820)
17015;BANYOLES;02;002;;B;M Z;AJUNTAMENT DE BANYOLES (SALA DE SESSIONS);PG INDUSTRIA NUM: 25 - BANYOLES (17820)
17015;BANYOLES;02;003;;A;A L;ESCOLA MOSSEN BALDIRI REIXACH;C/ LLIBERTAT NUM: 76 - BANYOLES (17820)
17015;BANYOLES;02;003;;B;M Z;ESCOLA MOSSEN BALDIRI REIXACH;C/ LLIBERTAT NUM: 76 - BANYOLES (17820)
17015;BANYOLES;02;004;;U;A Z;AJUNTAMENT DE BANYOLES (SALA DE SESSIONS);PG INDUSTRIA NUM: 25 - BANYOLES (17820)
17015;BANYOLES;02;005;;A;A L;ESCOLA MOSSEN BALDIRI REIXACH;C/ LLIBERTAT NUM: 76 - BANYOLES (17820)
17015;BANYOLES;02;005;;B;M Z;ESCOLA MOSSEN BALDIRI REIXACH;C/ LLIBERTAT NUM: 76 - BANYOLES (17820)
17015;BANYOLES;03;001;;A;A L;LA BALCA - CENTRE EDUCATIU MUNICIPAL;C/ MARIA MONTESSORI NUM: 20 - BANYOLES (17820)
17015;BANYOLES;03;001;;B;M Z;LA BALCA - CENTRE EDUCATIU MUNICIPAL;C/ MARIA MONTESSORI NUM: 20 - BANYOLES (17820)
17015;BANYOLES;03;002;;A;A L;LA BALCA - CENTRE EDUCATIU MUNICIPAL;C/ MARIA MONTESSORI NUM: 20 - BANYOLES (17820)
17015;BANYOLES;03;002;;B;M Z;LA BALCA - CENTRE EDUCATIU MUNICIPAL;C/ MARIA MONTESSORI NUM: 20 - BANYOLES (17820)
17016;BÀSCARA;01;001;;U;A Z;AJUNTAMENT DE BÀSCARA (BAIXOS);PLAÇA MAJOR NUM: 2 - BÀSCARA (17483)
17018;BELLCAIRE D’EMPORDÀ;01;001;;U;A a la;Z AJUNTAMENT DE BELLCAIRE D’EMPORDÀ (SALA DE PLENS);PLAÇA COMTES D’EMPURIES NUM: 1 - BELLCAIRE D’EMPORDÀ (17141)
17019;BESALÚ;01;001;;A;A L;PAVELLÓ MUNICIPAL;PG FRANCESC CAMBÓ NUM: 4 - BESALÚ (17850)
17019;BESALÚ;01;001;;B;M Z;PAVELLÓ MUNICIPAL;PG FRANCESC CAMBÓ NUM: 4 - BESALÚ (17850)
17020;BESCANÓ;01;001;;A;A L;COL·LEGI PUBLIC SANTIAGO SOBREQUES;PLAÇA NACIONS NUM: 8 - BESCANÓ (17162)
17020;BESCANÓ;01;001;;B;M Z;COL·LEGI PUBLIC SANTIAGO SOBREQUES;PLAÇA NACIONS NUM: 8 - BESCANÓ (17162)
17020;BESCANÓ;01;002;;U;A Z;COL·LEGI PUBLIC SANTIAGO SOBREQUES;PLAÇA NACIONS NUM: 8 - BESCANÓ (17162)
17020;BESCANÓ;01;003;;A;A L;COL·LEGI PUBLIC SANTIAGO SOBREQUES;PLAÇA NACIONS NUM: 8 - BESCANÓ (17162)
17020;BESCANÓ;01;003;;B;M Z;COL·LEGI PUBLIC SANTIAGO SOBREQUES;PLAÇA NACIONS NUM: 8 - BESCANÓ (17162)
17021;BEUDA;01;001;;U;A Z;ANTIGUES ESCOLES MUNICIPALS;PLAÇA MAJOR NUM: 4 - BEUDA (17850)
17022;BISBAL D’EMPORDÀ (LA);01;002;;;A A a la;L INSTITUT DE FORMACIO PROFESIONAL;CARRE COLL I VEHI NUM: 6 - BISBAL D’EMPORDÀ (LA) (17100)
17022;BISBAL D’EMPORDÀ (LA);01;002;;;B M a la;Z INSTITUT DE FORMACIO PROFESIONAL;CARRE COLL I VEHI NUM: 6 - BISBAL D’EMPORDÀ (LA) (17100)
17022;BISBAL D’EMPORDÀ (LA);01;003;;;A A a la;L EDIFICI MUNDIAL-BIBLIOTECA PÚBLICA;CARRE ESTACIO NUM: 2 - BISBAL D’EMPORDÀ (LA) (17100)
17022;BISBAL D’EMPORDÀ (LA);01;003;;;B M a la;Z EDIFICI MUNDIAL-BIBLIOTECA PÚBLICA;CARRE ESTACIO NUM: 2 - BISBAL D’EMPORDÀ (LA) (17100)
17022;BISBAL D’EMPORDÀ (LA);01;004;;;A A a la;L COL·LEGI MAS CLARA;CARRE MAS CLARA NUM: 2 - BISBAL D’EMPORDÀ (LA) (17100)
17022;BISBAL D’EMPORDÀ (LA);01;004;;;B M a la;Z COL·LEGI MAS CLARA;CARRE MAS CLARA NUM: 2 - BISBAL D’EMPORDÀ (LA) (17100)
17022;BISBAL D’EMPORDÀ (LA);02;001;;;A A a la;K CASTELL MEDIEVAL;PLAÇA CASTELL NUM: 21 - BISBAL D’EMPORDÀ (LA) (17100)
17022;BISBAL D’EMPORDÀ (LA);02;001;;;B L a la;Z CASTELL MEDIEVAL;PLAÇA CASTELL NUM: 21 - BISBAL D’EMPORDÀ (LA) (17100)
17022;BISBAL D’EMPORDÀ (LA);02;002;;;U A a la;Z CAMP DELS CAPELLANS;CARRE RAMON DE CABRERA NUM: 19 - BISBAL D’EMPORDÀ (LA) (17100)
17022;BISBAL D’EMPORDÀ (LA);02;003;;;U A a la;Z D.A.R.P. DE LA GENERALITAT DE CATALUNYA;AV PRESIDENT COMPANYS NUM: 19 - BISBAL D’EMPORDÀ (LA) (17100)
17023;BLANES;01;001;;A;A L;SALA EXPOSICIONS “M.LUISA GARCIA TORNEL”;CARRE AMPLE NUM: 11 - BLANES (17300)
17023;BLANES;01;001;;B;M Z;SALA EXPOSICIONS “M.LUISA GARCIA TORNEL”;CARRE AMPLE NUM: 11 - BLANES (17300)
17023;BLANES;01;002;01;A;A Z;LOCAL SOCIAL DE RAVAL;CARRE PETIT RAVAL NUM: 5 - BLANES (17300)
17023;BLANES;01;002;02;B;A Z;CASA SALADRIGAS;CARRE ROIG I RAVENTOS NUM: 2 - BLANES (17300)
17023;BLANES;01;004;;A;A L;LOCAL SOCIAL DELS PINS;CARRE FRANCESC MACIA NUM: 26 - BLANES (17300)
17023;BLANES;01;004;;B;M Z;LOCAL SOCIAL DELS PINS;CARRE FRANCESC MACIA NUM: 26 - BLANES (17300)
17023;BLANES;01;006;;A;A L;COL·LEGI NAPOLEO SOLIVA;CARRE ASTURIES NUM: 35 - BLANES (17300)
17023;BLANES;01;006;;B;M Z;COL·LEGI NAPOLEO SOLIVA;CARRE ASTURIES NUM: 35 - BLANES (17300)
17023;BLANES;01;007;;U;A Z;CASA SALADRIGAS;CARRE ROIG I RAVENTOS NUM: 2 - BLANES (17300)
17023;BLANES;02;001;;A;A K;CENTRE CULTURAL “ELS PADRETS”;CARRE SANT BONOS NUM: 5 - BLANES (17300)
17023;BLANES;02;001;;B;L Z;CENTRE CULTURAL “ELS PADRETS”;CARRE SANT BONOS NUM: 5 - BLANES (17300)
17023;BLANES;02;002;;A;A L;COL·LEGI SANTA MARIA;CARRE SANTA BARBARA NUM: 1 - BLANES (17300)
17023;BLANES;02;002;;B;M Z;COL·LEGI SANTA MARIA;CARRE SANTA BARBARA NUM: 1 - BLANES (17300)
17023;BLANES;02;003;;A;A L;LOCAL SOCIAL DE LA CTRA. DE LLORET - LA PEDRERA;AV JOAN CARLES I NUM: 97 - BLANES (17300)
17023;BLANES;02;003;;B;M Z;LOCAL SOCIAL DE LA CTRA. DE LLORET - LA PEDRERA;AV JOAN CARLES I NUM: 97 - BLANES (17300)
17023;BLANES;02;004;;A;A L;LOCAL SOCIAL DE MAS ENLAIRE;PLAÇA ONZE DE SETEMBRE NUM: 25 - BLANES (17300)
17023;BLANES;02;004;;B;M Z;LOCAL SOCIAL DE MAS ENLAIRE;PLAÇA ONZE DE SETEMBRE NUM: 25 - BLANES (17300)
17023;BLANES;02;005;;A;A L;I.E.S. S’AGULLA;CTRA MALGRAT NUM: 13 - BLANES (17300)
17023;BLANES;02;005;;B;M Z;I.E.S. S’AGULLA;CTRA MALGRAT NUM: 13 - BLANES (17300)
17023;BLANES;02;006;;A;A L;LOCAL DE LA ASOCIACIÓN ANDALUZA DE ARDALEÑOS;CARRE MONT-FERRANT NUM: 1 - BLANES (17300)
17023;BLANES;02;006;;B;M Z;LOCAL DE LA ASOCIACIÓN ANDALUZA DE ARDALEÑOS;CARRE MONT-FERRANT NUM: 1 - BLANES (17300)
17023;BLANES;02;007;;A;A L;COL·LEGI QUATRE VENTS;AV PAVOS (ELS) NUM: 54 - BLANES (17300)
17023;BLANES;02;007;;B;M Z;COL·LEGI QUATRE VENTS;AV PAVOS (ELS) NUM: 54 - BLANES (17300)
17023;BLANES;02;008;;U;A Z;COL·LEGI QUATRE VENTS;AV PAVOS (ELS) NUM: 54 - BLANES (17300)
17023;BLANES;02;009;;U;A Z;BIBLIOTECA COMARCAL;PG CATALUNYA NUM: 2 - BLANES (17300)
17023;BLANES;02;010;;A;A L;COL·LEGI NAPOLEO SOLIVA;CARRE ASTURIES NUM: 35 - BLANES (17300)
17023;BLANES;02;010;;B;M Z;COL·LEGI NAPOLEO SOLIVA;CARRE ASTURIES NUM: 35 - BLANES (17300)
17023;BLANES;02;011;;A;A L;I.E.S. S’AGULLA;CTRA MALGRAT NUM: 13 - BLANES (17300)
17023;BLANES;02;011;;B;M Z;I.E.S. S’AGULLA;CTRA MALGRAT NUM: 13 - BLANES (17300)
17023;BLANES;02;012;;U;A Z;CASA DE CULTURA;CARRE JAUME ARCELOS NUM: 7 - BLANES (17300)
17023;BLANES;02;013;;U;A Z;LOCAL DE LA ASOCIACIÓN ANDALUZA DE ARDALEÑOS;CARRE MONT-FERRANT NUM: 1 - BLANES (17300)
17023;BLANES;03;001;;A;A K;CEIP MOSSÉN JOAN BATLLE;CARRE LOPE DE VEGA NUM: 1 - BLANES (17300)
17023;BLANES;03;001;;B;L Z;CEIP MOSSÉN JOAN BATLLE;CARRE LOPE DE VEGA NUM: 1 - BLANES (17300)
17023;BLANES;03;002;;U;A Z;CEIP MOSSÉN JOAN BATLLE;CARRE LOPE DE VEGA NUM: 1 - BLANES (17300)
17023;BLANES;03;003;01;A;A L;LOCAL SOCIAL DE MAS FLORIT;CARRE BASSEGODA NUM: 2 - BLANES (17300)
17023;BLANES;03;003;01;B;M Z;LOCAL SOCIAL DE MAS FLORIT;CARRE BASSEGODA NUM: 2 - BLANES (17300)
17023;BLANES;03;003;02;C;A Z;LOCAL SOCIAL DE MAS CREMAT;PLAÇA MAS CREMAT NUM: 1 - BLANES (17300)
17023;BLANES;03;004;01;A;A Z;LOCAL SOCIAL DE VALLDOLIG;CARRE VALLDOLIG NUM: 23 - BLANES (17300)
17023;BLANES;03;004;02;B;A K;LOCAL SOCIAL DE MAS BORINOT;CARRE CAMI SANT PERE DEL BOSC NUM: 2 - BLANES (17300)
17023;BLANES;03;004;02;C;L Z;LOCAL SOCIAL DE MAS BORINOT;CARRE CAMI SANT PERE DEL BOSC NUM: 2 - BLANES (17300)
17024;BOLVIR;01;001;;U;A Z;ESCOLA MUNICIPAL DE SANTA CECÍLIA;CARRE ESTARAGALLS NUM: 16 - RAVAL DEL CASTELL - BOLVIR (17539)
17025;BORDILS;01;001;;A;A L;AJUNTAMENT DE BORDILS;PLAÇA ONZE DE SETEMBRE NUM: 1 - BORDILS (17462)
17025;BORDILS;01;001;;B;M Z;AJUNTAMENT DE BORDILS;PLAÇA ONZE DE SETEMBRE NUM: 1 - BORDILS (17462)
17026;BORRASSÀ;01;001;;U;A Z;AJUNTAMENT DE BORRASSA;PLAÇA MAJOR NUM: 1 - BORRASSÀ (17770)
17027;BREDA;01;001;;A;A L;CENTRE CIVIC;AV VERGE DE MONTSERRAT NUM: 20 - BREDA (17400)
17027;BREDA;01;001;;B;M Z;CENTRE CIVIC;AV VERGE DE MONTSERRAT NUM: 20 - BREDA (17400)
17027;BREDA;01;002;;A;A L;CENTRE CIVIC;AV VERGE DE MONTSERRAT NUM: 20 - BREDA (17400)
17027;BREDA;01;002;;B;M Z;CENTRE CIVIC;AV VERGE DE MONTSERRAT NUM: 20 - BREDA (17400)
17028;BRUNYOLA;01;001;;U;A Z;CASA CONSISTORIAL (SALA D’ACTES - BAIXOS);PLAÇA BRUNYOLA NUM: 3 - BRUNYOLA (17441)
17029;BOADELLA I LES ESCAULES;01;001;;U;A Z;AJUNTAMENT DE BOADELLA I LES ESCAULES (SALA DE PLENS);CARRE CREU (DE LA ) NUM: 1 - BOADELLA - BOADELLA I LES ESCAULES (17723)
17030;CABANES;01;001;;U;A Z;CENTRE CULTURAL;CARRE COLON NUM: 11 - CABANES (17761)
17031;CABANELLES;01;001;;U;A Z;AJUNTAMENT DE CABANELLES (BAIXOS);CARRE ESGLESIA NUM: 4 - CABANELLES (17746)
17032;CADAQUÉS;01;001;;A;A K;TEATRE ART I JOIA;PLAÇA ART I JOIA NUM: 1 - CADAQUÉS (17488)
17032;CADAQUÉS;01;001;;B;L Z;TEATRE ART I JOIA;PLAÇA ART I JOIA NUM: 1 - CADAQUÉS (17488)
17033;CALDES DE MALAVELLA;01;001;;A;A K;COL·LEGI PUBLIC SANT ESTEVE;C/ VALL-LLOBERA NUM: 62 - CALDES DE MALAVELLA (17455)
17033;CALDES DE MALAVELLA;01;001;;B;L Z;COL·LEGI PUBLIC SANT ESTEVE;C/ VALL-LLOBERA NUM: 62 - CALDES DE MALAVELLA (17455)
17033;CALDES DE MALAVELLA;01;002;;A;A L;COL·LEGI PUBLIC SANT ESTEVE;C/ VALL-LLOBERA NUM: 62 - CALDES DE MALAVELLA (17455)
17033;CALDES DE MALAVELLA;01;002;;B;M Z;COL·LEGI PUBLIC SANT ESTEVE;C/ VALL-LLOBERA NUM: 62 - CALDES DE MALAVELLA (17455)
17033;CALDES DE MALAVELLA;01;003;;A;A K;COL·LEGI PUBLIC SANT ESTEVE;C/ VALL-LLOBERA NUM: 62 - CALDES DE MALAVELLA (17455)
17033;CALDES DE MALAVELLA;01;003;;B;L Z;COL·LEGI PUBLIC SANT ESTEVE;C/ VALL-LLOBERA NUM: 62 - CALDES DE MALAVELLA (17455)
17033;CALDES DE MALAVELLA;01;004;;A;A L;COL·LEGI PUBLIC SANT ESTEVE;C/ VALL-LLOBERA NUM: 62 - CALDES DE MALAVELLA (17455)
17033;CALDES DE MALAVELLA;01;004;;B;M Z;COL·LEGI PUBLIC SANT ESTEVE;C/ VALL-LLOBERA NUM: 62 - CALDES DE MALAVELLA (17455)
17034;CALONGE;01;001;;A;A F;PAVELLO POLIESPORTIU;PG HIVERN S/N - CALONGE (17251)
17034;CALONGE;01;001;;B;G O;PAVELLO POLIESPORTIU;PG HIVERN S/N - CALONGE (17251)
17034;CALONGE;01;001;;C;P Z;PAVELLO POLIESPORTIU;PG HIVERN S/N - CALONGE (17251)
17034;CALONGE;01;002;;A;A K;TEATRE ARTUR MUNDET;C/ GARBÍ NUM: 2A - SANT ANTONI DE CALONGE - CALONGE (17252)
17034;CALONGE;01;002;;B;L Z;TEATRE ARTUR MUNDET;C/ GARBÍ NUM: 2A - SANT ANTONI DE CALONGE - CALONGE (17252)
17034;CALONGE;01;003;;A;A K;TEATRE ARTUR MUNDET;C/ GARBÍ NUM: 2A - SANT ANTONI DE CALONGE - CALONGE (17252)
17034;CALONGE;01;003;;B;L Z;TEATRE ARTUR MUNDET;C/ GARBÍ NUM: 2A - SANT ANTONI DE CALONGE - CALONGE (17252)
17034;CALONGE;01;004;;A;A L;PAVELLO POLIESPORTIU;PG HIVERN S/N - CALONGE (17251)
17034;CALONGE;01;004;;B;M Z;PAVELLO POLIESPORTIU;PG HIVERN S/N - CALONGE (17251)
17034;CALONGE;01;005;;A;A K;PAVELLO POLIESPORTIU;PG HIVERN S/N - CALONGE (17251)
17034;CALONGE;01;005;;B;L Z;PAVELLO POLIESPORTIU;PG HIVERN S/N - CALONGE (17251)
17035;CAMÓS;01;001;;U;A Z;AJUNTAMENT DE CAMÓS;VENAT CRUANYES NUM: 2 - SANT VICENÇ DE CAMOS - CAMÓS (17834)
17036;CAMPDEVÀNOL;01;001;;A;A L;COL.LEGI PIRINEU;CARRE COLL I BARDOLET NUM: 9 - CAMPDEVÀNOL (17530)
17036;CAMPDEVÀNOL;01;001;;B;M Z;COL.LEGI PIRINEU;CARRE COLL I BARDOLET NUM: 9 - CAMPDEVÀNOL (17530)
17036;CAMPDEVÀNOL;01;002;;U;A Z;COL.LEGI PIRINEU;CARRE COLL I BARDOLET NUM: 9 - CAMPDEVÀNOL (17530)
17036;CAMPDEVÀNOL;01;003;;U;A Z;COL.LEGI PIRINEU;CARRE COLL I BARDOLET NUM: 9 - CAMPDEVÀNOL (17530)
17037;CAMPELLES;01;001;;U;A Z;SALA DE L’AJUNTAMENT DE CAMPELLES (SEGONA PLANTA);PL AJUNTAMENT (DE L’) S/N - CAMPELLES (17534)
17038;CAMPLLONG;01;001;;U;A Z;AJUNTAMENT DE CAMPLLONG (SALA D’ACTES);C/ ESGLÉSIA NUM: 21 - CAMPLLONG (17459)
17039;CAMPRODON;01;001;;A;A L;COL·LEGI PUBLIC DR.ROBERT;PLAÇA SANTA MARIA NUM: 8 - CAMPRODON (17867)
17039;CAMPRODON;01;001;;B;M Z;COL·LEGI PUBLIC DR.ROBERT;PLAÇA SANTA MARIA NUM: 8 - CAMPRODON (17867)
17039;CAMPRODON;01;002;;U;A Z;COL·LEGI PUBLIC DR.ROBERT;PLAÇA SANTA MARIA NUM: 8 - CAMPRODON (17867)
17040;CANET D’ADRI;01;001;;U;A Z;AJUNTAMENT DE CANET D’ADRI (BAIXOS);AV ROCACORBA NUM: 21 - CANET - CANET D’ADRI (17199)
17041;CANTALLOPS;01;001;;U;A Z;ESCOLES MUNICIPALS;C/ REQUESENS S/N - CANTALLOPS (17708)
17042;CAPMANY;01;001;;U;A Z;AJUNTAMENT DE CAPMANY;PLAÇA FORT (DEL) NUM: 1 - CAPMANY (17750)
17043;QUERALBS;01;001;;U;A Z;ESCOLA;PLAÇA VILA NUM: 3 - QUERALBS (17534)
17044;CASSÀ DE LA SELVA;01;001;;A;A L;CENTRE CULTURAL SALA GALÀ;C/ MOLI NUM: 9 - CASSÀ DE LA SELVA (17244)
17044;CASSÀ DE LA SELVA;01;001;;B;M Z;CENTRE CULTURAL SALA GALÀ;C/ MOLI NUM: 9 - CASSÀ DE LA SELVA (17244)
17044;CASSÀ DE LA SELVA;01;002;;A;A L;LOCAL MUNICIPAL;C/ ENRIC CORIS NUM: 11 - CASSÀ DE LA SELVA (17244)
17044;CASSÀ DE LA SELVA;01;002;;B;M Z;LOCAL MUNICIPAL;C/ ENRIC CORIS NUM: 11 - CASSÀ DE LA SELVA (17244)
17044;CASSÀ DE LA SELVA;02;001;;A;A L;AJUNTAMENT DE CASSA DE LA SELVA;PLAÇA COMA (DE LA) NUM: 1 - CASSÀ DE LA SELVA (17244)
17044;CASSÀ DE LA SELVA;02;001;;B;M Z;AJUNTAMENT DE CASSA DE LA SELVA;PLAÇA COMA (DE LA) NUM: 1 - CASSÀ DE LA SELVA (17244)
17044;CASSÀ DE LA SELVA;02;002;;A;A L;COL·LEGI PUBLIC;RBLA ONZE DE SETEMBRE NUM: 59 - CASSÀ DE LA SELVA (17244)
17044;CASSÀ DE LA SELVA;02;002;;B;M Z;COL·LEGI PUBLIC;RBLA ONZE DE SETEMBRE NUM: 59 - CASSÀ DE LA SELVA (17244)
17044;CASSÀ DE LA SELVA;02;003;;U;A Z;SALA D’EXPOSICIONS L’ESTACIÓ;RBLA ONZE DE SETEMBRE NUM: 113 - CASSÀ DE LA SELVA (17244)
17046;CASTELLFOLLIT DE LA ROCA;01;001;;U;A Z;CENTRE CÍVIC;C/ MIGDIA NUM: 1 - CASTELLFOLLIT DE LA ROCA (17856)
17047;CASTELLÓ D’EMPÚRIES;0;1 001;;;A A a la;K SALA MUNICIPAL;PLAÇA JOC DE LA PILOTA NUM: 1 - CASTELLÓ D’EMPÚRIES (17486)
17047;CASTELLÓ D’EMPÚRIES;0;1 001;;;B L a la;Z SALA MUNICIPAL;PLAÇA JOC DE LA PILOTA NUM: 1 - CASTELLÓ D’EMPÚRIES (17486)
17047;CASTELLÓ D’EMPÚRIES;0;1 002;;;A A a la;K SALA MUNICIPAL;PLAÇA JOC DE LA PILOTA NUM: 1 - CASTELLÓ D’EMPÚRIES (17486)
17047;CASTELLÓ D’EMPÚRIES;0;1 002;;;B L a la;Z SALA MUNICIPAL;PLAÇA JOC DE LA PILOTA NUM: 1 - CASTELLÓ D’EMPÚRIES (17486)
17047;CASTELLÓ D’EMPÚRIES;0;1 003;;;A A a la;K CENTRE CIVIC D’EMPURIABRAVA;CARRE BADIA-GRAN RESERVA S/N - EMPURIABRAVA - CASTELLÓ D’EMPÚRIES (17487)
17047;CASTELLÓ D’EMPÚRIES;0;1 003;;;B L a la;Z CENTRE CIVIC D’EMPURIABRAVA;CARRE BADIA-GRAN RESERVA S/N - EMPURIABRAVA - CASTELLÓ D’EMPÚRIES (17487)
17047;CASTELLÓ D’EMPÚRIES;0;1 004;;;A A a la;L CENTRE DE SERVEIS D’EMPURIABRAVA;CARRE PUIGMAL NUM: 1 - EMPURIABRAVA - CASTELLÓ D’EMPÚRIES (17487)
17047;CASTELLÓ D’EMPÚRIES;0;1 004;;;B M a la;Z CENTRE DE SERVEIS D’EMPURIABRAVA;CARRE PUIGMAL NUM: 1 - EMPURIABRAVA - CASTELLÓ D’EMPÚRIES (17487)
17048;CASTELL-PLATJA D’ARO;01;001;;A;A K;SALA POLIVALENT DE CASTELL D’ARO;AV CARRILET (DEL) NUM: 71 - CASTELL D’ARO - CASTELL-PLATJA D’ARO (17249)
17048;CASTELL-PLATJA D’ARO;01;001;;B;L Z;SALA POLIVALENT DE CASTELL D’ARO;AV CARRILET (DEL) NUM: 71 - CASTELL D’ARO - CASTELL-PLATJA D’ARO (17249)
17048;CASTELL-PLATJA D’ARO;01;002;;A;A F;PALAU D’ESPORTS I CONGRESSOS;PLAÇA EUROPA S/N - PLATJA D’ARO - CASTELL-PLATJA D’ARO (17250)
17048;CASTELL-PLATJA D’ARO;01;002;;B;G O;PALAU D’ESPORTS I CONGRESSOS;PLAÇA EUROPA S/N - PLATJA D’ARO - CASTELL-PLATJA D’ARO (17250)
17048;CASTELL-PLATJA D’ARO;01;002;;C;P Z;PALAU D’ESPORTS I CONGRESSOS;PLAÇA EUROPA S/N - PLATJA D’ARO - CASTELL-PLATJA D’ARO (17250)
17048;CASTELL-PLATJA D’ARO;01;003;;A;A F;PALAU D’ESPORTS I CONGRESSOS;PLAÇA EUROPA S/N - PLATJA D’ARO - CASTELL-PLATJA D’ARO (17250)
17048;CASTELL-PLATJA D’ARO;01;003;;B;G O;PALAU D’ESPORTS I CONGRESSOS;PLAÇA EUROPA S/N - PLATJA D’ARO - CASTELL-PLATJA D’ARO (17250)
17048;CASTELL-PLATJA D’ARO;01;003;;C;P Z;PALAU D’ESPORTS I CONGRESSOS;PLAÇA EUROPA S/N - PLATJA D’ARO - CASTELL-PLATJA D’ARO (17250)
17048;CASTELL-PLATJA D’ARO;01;004;;U;A Z;PALAU D’ESPORTS I CONGRESSOS;PLAÇA EUROPA S/N - PLATJA D’ARO - CASTELL-PLATJA D’ARO (17250)
17048;CASTELL-PLATJA D’ARO;01;005;;U;A Z;CA LA GENEROSA;AV PLATJA D’ARO NUM: 228 - S’AGARO - CASTELL-PLATJA D’ARO (17248)
17049;CELRÀ;01;001;;A;A L;CAN PONAC;C/ FÀBRICA NUM: 31 - CELRÀ (17460)
17049;CELRÀ;01;001;;B;M Z;CAN PONAC;C/ FÀBRICA NUM: 31 - CELRÀ (17460)
17049;CELRÀ;01;002;;A;A K;CAN PONAC;C/ FÀBRICA NUM: 31 - CELRÀ (17460)
17049;CELRÀ;01;002;;B;L Z;CAN PONAC;C/ FÀBRICA NUM: 31 - CELRÀ (17460)
17049;CELRÀ;01;003;;U;A Z;CAN PONAC;C/ FÀBRICA NUM: 31 - CELRÀ (17460)
17050;CERVIÀ DE TER;01;001;;U;A Z;ESCOLA PUBLICA;C/ TORROELLA NUM: 49 - CERVIÀ DE TER (17464)
17051;CISTELLA;01;001;;U;A Z;AJUNTAMENT DE CISTELLA;PLAÇA MAJOR NUM: 4 - CISTELLA (17741)
17052;SIURANA;01;001;;U;A Z;AJUNTAMENT DE SIURANA (BAIXOS);PLAÇA AJUNTAMENT NUM: 3 - SIURANA (17469)
17054;COLERA;01;001;;U;A Z;CENTRE CIVIC;CARRE MAR NUM: 49 - COLERA (17496)
17055;COLOMERS;01;001;;U;A Z;CENTRE CIVIC;PLAÇA CATALUNYA (DE) NUM: 1 - COLOMERS (17144)
17056;CORNELLÀ DEL TERRI;01;001;;A;A L;AJUNTAMENT DE CORNELLÀ DEL TERRI;CARRE MOSSEN JACINT VERDAGUER NUM: 4 - CORNELLÀ DEL TERRI (17844)
17056;CORNELLÀ DEL TERRI;01;001;;B;M Z;AJUNTAMENT DE CORNELLÀ DEL TERRI;CARRE MOSSEN JACINT VERDAGUER NUM: 4 - CORNELLÀ DEL TERRI (17844)
17057;CORÇÀ;01;001;;A;A L;CENTRE CÍVIC;AV SANTA CRISTINA NUM: 5 - (CORÇA (SANTA CRISTINA)) - CORÇÀ (17121)
17057;CORÇÀ;01;001;;B;M Z;CENTRE CÍVIC;AV SANTA CRISTINA NUM: 5 - (CORÇA (SANTA CRISTINA)) - CORÇÀ (17121)
17058;CRESPIÀ;01;001;;U;A Z;AJUNTAMENT DE CRESPIÀ (BAIXOS);CARRE MAJOR NUM: 2 - CRESPIÀ (17832)
17060;DARNIUS;01;001;;U;A Z;AJUNTAMENT DE DARNIUS (BAIXOS);CARRE MAJOR NUM: 3 - DARNIUS (17722)
17061;DAS;01;001;;U;A Z;CASA CONSISTORIAL SALA COMUNITARIA DE REUNIONES;PG ROSSEND ARUS NUM: 3 - DAS (17538)
17062;ESCALA (L’);01;001;;U;A Z;CENTRE ESPORTIU I RECREATIU;CARRE GARBI NUM: 6 - ESCALA (L’) (17130)
17062;ESCALA (L’);01;002;;A;A L;CENTRE ESPORTIU I RECREATIU;CARRE GARBI NUM: 6 - ESCALA (L’) (17130)
17062;ESCALA (L’);01;002;;B;M Z;CENTRE ESPORTIU I RECREATIU;CARRE GARBI NUM: 6 - ESCALA (L’) (17130)
17062;ESCALA (L’);01;003;;A;A L;ESCOLA SECUNDARIA “EL PEDRO”;CARRE VILABERTRAN NUM: 2 - ESCALA (L’) (17130)
17062;ESCALA (L’);01;003;;B;M Z;ESCOLA SECUNDARIA “EL PEDRO”;CARRE VILABERTRAN NUM: 2 - ESCALA (L’) (17130)
17062;ESCALA (L’);01;004;;A;A L;LLAR DE JUBILATS;CARRE RUSIÑOL NUM: 1 - ESCALA (L’) (17130)
17062;ESCALA (L’);01;004;;B;M Z;LLAR DE JUBILATS;CARRE RUSIÑOL NUM: 1 - ESCALA (L’) (17130)
17062;ESCALA (L’);01;005;;A;A L;CENTRE ESPORTIU I RECREATIU;CARRE GARBI NUM: 6 - ESCALA (L’) (17130)
17062;ESCALA (L’);01;005;;B;M Z;CENTRE ESPORTIU I RECREATIU;CARRE GARBI NUM: 6 - ESCALA (L’) (17130)
17063;ESPINELVES;01;001;;U;A Z;SALA D’EXPOSICIONS MUNICIPAL;PLAÇA ESGLÉSIA (DE L’) NUM: 1 - ESPINELVES (17405)
17064;ESPOLLA;01;001;;U;A Z;CASA DE LA VILA;CARRE AMADEU SUDRIA NUM: 3 - ESPOLLA (17753)
17065;ESPONELLÀ;01;001;;U;A Z;AJUNTAMENT D’ESPONELLA;PLAÇA AJUNTAMENT NUM: 1 - ESPONELLÀ (17832)
17066;FIGUERES;01;001;;U;A Z;LOCAL DE LA PARROQUIA DE SANT PERE;PLAÇA GALA I SALVADOR DALI NUM: 1 - FIGUERES (17600)
17066;FIGUERES;01;002;;U;A Z;SALA D’ACTES DE LA BIBLIOTECA MUNICIPAL;CARRE MANUEL DE FALLA NUM: 1 - FIGUERES (17600)
17066;FIGUERES;01;003;;A;A L;EDIFICI DE SERVEIS MUNICIPALS;AV SALVADOR DALI DOMENECH NUM: 107 - FIGUERES (17600)
17066;FIGUERES;01;003;;B;M Z;EDIFICI DE SERVEIS MUNICIPALS;AV SALVADOR DALI DOMENECH NUM: 107 - FIGUERES (17600)
17066;FIGUERES;01;004;;U;A Z;INSTITUT ALEXANDRE DEULOFEU;CARRE JOAQUIM CUSI I FORTUNET NUM: 3 - FIGUERES (17600)
17066;FIGUERES;01;005;;U;A Z;CENTRE SOCIAL DEL CULUBRET;CARRE MAJOR NUM: 39 - FIGUERES (17600)
17066;FIGUERES;01;006;;A;A L;CENTRE SOCIAL JUNCARIA PARC BOSC;PTGE MARIANA PINEDA NUM: 5 - FIGUERES (17600)
17066;FIGUERES;01;006;;B;M Z;CENTRE SOCIAL JUNCARIA PARC BOSC;PTGE MARIANA PINEDA NUM: 5 - FIGUERES (17600)
17066;FIGUERES;01;007;;U;A Z;CENTRE SOCIAL HORTA CAPALLERA;CARRE PUIG ROM S/N - FIGUERES (17600)
17066;FIGUERES;01;008;;U;A Z;CENTRE SOCIAL HORTA CAPALLERA;CARRE PUIG ROM S/N - FIGUERES (17600)
17066;FIGUERES;02;001;;U;A Z;ARXIU MUNICIPAL DE FIGUERES;CARRE MORERIA NUM: 9 - FIGUERES (17600)
17066;FIGUERES;02;002;;U;A Z;LOCAL SOCIAL DE L’HORTA DE L’HOSPITAL;PLAÇA HORTA DE L’HOSPITAL NUM: 1 - FIGUERES (17600)
17066;FIGUERES;02;003;;U;A Z;LOCAL SOCIAL DELS CENDRASSOS;CARRE CENDRASSOS NUM: 36 - FIGUERES (17600)
17066;FIGUERES;02;004;;A;A L;CENTRE SOCIAL DE L’EIXAMPLE;CARRE NARCIS SOLER NUM: 6 - FIGUERES (17600)
17066;FIGUERES;02;004;;B;M Z;CENTRE SOCIAL DE L’EIXAMPLE;CARRE NARCIS SOLER NUM: 6 - FIGUERES (17600)
17066;FIGUERES;02;005;;U;A Z;COL·LEGI JOSEP PALLACH;CARRE FOSSOS NUM: 1 - FIGUERES (17600)
17066;FIGUERES;03;001;;U;A Z;ASIL VILALLONGA;AV VILALLONGA NUM: 3 - FIGUERES (17600)
17066;FIGUERES;03;002;01;A;A Z;COL·LEGI JOSEP PALLACH;CARRE FOSSOS NUM: 1 - FIGUERES (17600)
17066;FIGUERES;03;002;02;B;A Z;ANTIC AJUNTAMENT DE VILATENIM;CARRE NOU DE VILATENIM NUM: 13 - VILATENIM - FIGUERES (17484)
17066;FIGUERES;03;003;;A;A L;CENTRE CIVIC CREU DE LA MA;PLAÇA REMEI BOSCH SALAMO S/N - FIGUERES (17600)
17066;FIGUERES;03;003;;B;M Z;CENTRE CIVIC CREU DE LA MA;PLAÇA REMEI BOSCH SALAMO S/N - FIGUERES (17600)
17066;FIGUERES;03;004;;U;A Z;CENTRE CIVIC DE LA MARCA DE L’HAM;CARRE VILATENIM (VILATENIM) S/N - FIGUERES (17600)
17066;FIGUERES;03;005;;A;A L;FUNDACIO CLERCH I NICOLAU;CARRE NOU NUM: 53 - FIGUERES (17600)
17066;FIGUERES;03;005;;B;M Z;FUNDACIO CLERCH I NICOLAU;CARRE NOU NUM: 53 - FIGUERES (17600)
17066;FIGUERES;04;001;;U;A Z;CEIP SANT PAU;CARRE MUNTANER NUM: 4 - FIGUERES (17600)
17066;FIGUERES;04;002;;A;A L;INSTITUT RAMON MUNTANER;CARRE SANT PAU NUM: 51 - FIGUERES (17600)
17066;FIGUERES;04;002;;B;M Z;INSTITUT RAMON MUNTANER;CARRE SANT PAU NUM: 51 - FIGUERES (17600)
17066;FIGUERES;04;003;;A;A L;CEIP SANT PAU;CARRE MUNTANER NUM: 4 - FIGUERES (17600)
17066;FIGUERES;04;003;;B;M Z;CEIP SANT PAU;CARRE MUNTANER NUM: 4 - FIGUERES (17600)
17066;FIGUERES;04;004;;A;A K;CENTRE CIVIC CREU DE LA MA;PLAÇA REMEI BOSCH SALAMO S/N - FIGUERES (17600)
17066;FIGUERES;04;004;;B;L Z;CENTRE CIVIC CREU DE LA MA;PLAÇA REMEI BOSCH SALAMO S/N - FIGUERES (17600)
17066;FIGUERES;04;005;;U;A Z;COL·LEGI JOAQUIM CUSI I FORTUNET;CARRE MET MIRAVITLLES NUM: 1 - FIGUERES (17600)
17066;FIGUERES;04;007;;U;A Z;CENTRE SOCIAL DE L’OLIVAR GRAN;CARRE PERE TEIXIDOR NUM: 8 - FIGUERES (17600)
17066;FIGUERES;04;008;;U;A Z;LOCAL SOCIAL DEL RALLI SUD;CARRE POUS I PAGES NUM: 9 - FIGUERES (17600)
17066;FIGUERES;04;009;;U;A Z;COL·LEGI JOAQUIM CUSI I FORTUNET;CARRE MET MIRAVITLLES NUM: 1 - FIGUERES (17600)
17067;FLAÇÀ;01;001;;U;A Z;AJUNTAMENT DE FLAÇÀ;PLAÇA ESTACIÓ DEL CARRILET NUM: 2 - FLAÇÀ (17463)
17068;FOIXÀ;01;001;;U;A Z;ESCOLES DE FOIXÀ;C/ ESCOLES (DE LES) NUM: 1 - VILA - FOIXÀ (17132)
17069;FONTANALS DE CERDANYA;01;001;;U;A Z;LOCAL ANEXO A EL VILAR;PLAÇA AJUNTAMENT NUM: 1 - VILAR(EL) - FONTANALS D. CERDANYA (17538)
17070;FONTANILLES;01;001;;U;A Z;AJUNTAMENT DE FONTANILLES;PLAÇA SANT MARTIN NUM: 1 - FONTANILLES (17257)
17071;FONTCOBERTA;01;001;;A;A L;CEIP ALZINA RECLAMADORA;PAISOS CATALANS NUM: 1 - VEINAT DE MELIANTA - FONTCOBERTA (17833)
17071;FONTCOBERTA;01;001;;B;M Z;CEIP ALZINA RECLAMADORA;PAISOS CATALANS NUM: 1 - VEINAT DE MELIANTA - FONTCOBERTA (17833)
17073;FORNELLS DE LA SELVA;01;001;;A;A L;CENTRE SOCIAL;CARRE VICENS VIVES NUM: 1 - FORNELLS DE LA SELVA (17458)
17073;FORNELLS DE LA SELVA;01;001;;B;M Z;CENTRE SOCIAL;CARRE VICENS VIVES NUM: 1 - FORNELLS DE LA SELVA (17458)
17074;FORTIÀ;01;001;;U;A Z;CENTRE AGRÍCOLA I SOCIAL;PLAÇA EMPORDÀ NUM: 1 - FORTIÀ (17469)
17075;GARRIGÀS;01;001;;U;A Z;CENTRE CULTURAL RECINTE ESCOLES;CARRE GRAN NUM: 26 - GARRIGÀS (17476)
17076;GARRIGOLES;01;001;;U;A Z;LOCAL POLIVALENT “LES BASSOTES”;PLAÇA GERMANDAT NUM: 1 - OLIVES (LES) - GARRIGOLES (17466)
17077;GARRIGUELLA;01;001;;U;A Z;SALA POLIVALENT;CARRE FRANCESC MACIA NUM: 2 - GARRIGUELLA (17780)
17078;GER;01;001;;U;A Z;AJUNTAMENT DE GER (BAIXOS);C/ QUATRE CANTONS S/N - GER (17539)
17079;GIRONA;01;001;;U;A Z;CASA DE CULTURA;PLAÇA HOSPITAL NUM: 6 - GIRONA (17002)
17079;GIRONA;01;002;;U;A Z;LOCAL SOCIAL DE VISTA ALEGRE;PTGE PICAPEDRERS NUM: 1 - GIRONA (17004)
17079;GIRONA;01;003;;U;A Z;LOCAL SOCIAL DE VISTA ALEGRE;PTGE PICAPEDRERS NUM: 1 - GIRONA (17004)
17079;GIRONA;01;004;;U;A Z;LOCAL SOCIAL DE VISTA ALEGRE;PTGE PICAPEDRERS NUM: 1 - GIRONA (17004)
17079;GIRONA;01;005;;A;A G;CENTRE CIVIC ONYAR;C CAMP DE LA PLANA NUM: 13 - VILA-ROJA - GIRONA (17004)
17079;GIRONA;01;005;;B;H Z;CENTRE CIVIC ONYAR;C CAMP DE LA PLANA NUM: 13 - VILA-ROJA - GIRONA (17004)
17079;GIRONA;01;006;;A;A L;ESCOLA VILA-ROJA;GRUP VILA-ROJA NUM: 180 - VILA-ROJA - GIRONA (17004)
17079;GIRONA;01;006;;B;M Z;ESCOLA VILA-ROJA;GRUP VILA-ROJA NUM: 180 - VILA-ROJA - GIRONA (17004)
17079;GIRONA;02;001;;U;A Z;CASA DE CULTURA;PLAÇA HOSPITAL NUM: 6 - GIRONA (17002)
17079;GIRONA;02;002;;U;A Z;ESCOLA VERD;C TOMÁS DE LORENZANA NUM: 30 - GIRONA (17002)
17079;GIRONA;02;003;;U;A Z;ESCOLA VERD;C TOMÁS DE LORENZANA NUM: 30 - GIRONA (17002)
17079;GIRONA;02;004;;A;A K;ESCOLA VERD;C TOMÁS DE LORENZANA NUM: 30 - GIRONA (17002)
17079;GIRONA;02;004;;B;L Z;ESCOLA VERD;C TOMÁS DE LORENZANA NUM: 30 - GIRONA (17002)
17079;GIRONA;02;005;;U;A Z;ESCOLA VERD (PATI);C TOMÁS DE LORENZANA NUM: 30 - GIRONA (17002)
17079;GIRONA;02;006;;A;A L;ESCOLA PLA DE GIRONA;AV LLUÍS PERICOT NUM: 16 - GIRONA (17003)
17079;GIRONA;02;006;;B;M Z;ESCOLA PLA DE GIRONA;AV LLUÍS PERICOT NUM: 16 - GIRONA (17003)
17079;GIRONA;02;007;;A;A K;CENTRE CÍVIC PLA DE PALAU;C SARAGOSSA NUM: 27 - GIRONA (17003)
17079;GIRONA;02;007;;B;L Z;CENTRE CÍVIC PLA DE PALAU;C SARAGOSSA NUM: 27 - GIRONA (17003)
17079;GIRONA;02;008;;A;A L;ESCOLA PLA DE GIRONA;AV LLUÍS PERICOT NUM: 16 - GIRONA (17003)
17079;GIRONA;02;008;;B;M Z;ESCOLA PLA DE GIRONA;AV LLUÍS PERICOT NUM: 16 - GIRONA (17003)
17079;GIRONA;02;009;;A;A L;ESCOLA PLA DE GIRONA;AV LLUÍS PERICOT NUM: 16 - GIRONA (17003)
17079;GIRONA;02;009;;B;M Z;ESCOLA PLA DE GIRONA;AV LLUÍS PERICOT NUM: 16 - GIRONA (17003)
17079;GIRONA;02;010;;A;A L;PAVELLÓ MUNICIPAL D’ESPORTS DE PALAU;C JOSEP AGUILERA I MARTÍ NUM: 2 - GIRONA (17003)
17079;GIRONA;02;010;;B;M Z;PAVELLÓ MUNICIPAL D’ESPORTS DE PALAU;C JOSEP AGUILERA I MARTÍ NUM: 2 - GIRONA (17003)
17079;GIRONA;02;011;;A;A L;PAVELLÓ MUNICIPAL D’ESPORTS DE PALAU;C JOSEP AGUILERA I MARTÍ NUM: 2 - GIRONA (17003)
17079;GIRONA;02;011;;B;M Z;PAVELLÓ MUNICIPAL D’ESPORTS DE PALAU;C JOSEP AGUILERA I MARTÍ NUM: 2 - GIRONA (17003)
17079;GIRONA;02;012;;A;A L;ESCOLA PLA DE GIRONA;AV LLUÍS PERICOT NUM: 16 - GIRONA (17003)
17079;GIRONA;02;012;;B;M Z;ESCOLA PLA DE GIRONA;AV LLUÍS PERICOT NUM: 16 - GIRONA (17003)
17079;GIRONA;02;013;;U;A Z;ESCOLA VERD (PATI);C TOMÁS DE LORENZANA NUM: 30 - GIRONA (17002)
17079;GIRONA;02;014;;U;A Z;ESCOLA PLA DE GIRONA;AV LLUÍS PERICOT NUM: 16 - GIRONA (17003)
17079;GIRONA;02;015;;A;A F;PAVELLÓ MUNICIPAL D’ESPORTS DE PALAU;C JOSEP AGUILERA I MARTÍ NUM: 2 - GIRONA (17003)
17079;GIRONA;02;015;;B;G O;PAVELLÓ MUNICIPAL D’ESPORTS DE PALAU;C JOSEP AGUILERA I MARTÍ NUM: 2 - GIRONA (17003)
17079;GIRONA;02;015;;C;P Z;PAVELLÓ MUNICIPAL D’ESPORTS DE PALAU;C JOSEP AGUILERA I MARTÍ NUM: 2 - GIRONA (17003)
17079;GIRONA;02;016;;A;A K;ESCOLA PLA DE GIRONA;AV LLUÍS PERICOT NUM: 16 - GIRONA (17003)
17079;GIRONA;02;016;;B;L Z;ESCOLA PLA DE GIRONA;AV LLUÍS PERICOT NUM: 16 - GIRONA (17003)
17079;GIRONA;02;017;;A;A L;PAVELLÓ MUNICIPAL D’ESPORTS DE PALAU;C JOSEP AGUILERA I MARTÍ NUM: 2 - GIRONA (17003)
17079;GIRONA;02;017;;B;M Z;PAVELLÓ MUNICIPAL D’ESPORTS DE PALAU;C JOSEP AGUILERA I MARTÍ NUM: 2 - GIRONA (17003)
17079;GIRONA;02;018;;A;A L;ESCOLA PLA DE GIRONA;AV LLUÍS PERICOT NUM: 16 - GIRONA (17003)
17079;GIRONA;02;018;;B;M Z;ESCOLA PLA DE GIRONA;AV LLUÍS PERICOT NUM: 16 - GIRONA (17003)
17079;GIRONA;02;019;;A;A L;PAVELLÓ MUNICIPAL D’ESPORTS DE PALAU;C JOSEP AGUILERA I MARTÍ NUM: 2 - GIRONA (17003)
17079;GIRONA;02;019;;B;M Z;PAVELLÓ MUNICIPAL D’ESPORTS DE PALAU;C JOSEP AGUILERA I MARTÍ NUM: 2 - GIRONA (17003)
17079;GIRONA;02;020;;U;A Z;PAVELLÓ MUNICIPAL D’ESPORTS DE PALAU;C JOSEP AGUILERA I MARTÍ NUM: 2 - GIRONA (17003)
17079;GIRONA;02;021;;A;A L;CENTRE CÍVIC PLA DE PALAU;C SARAGOSSA NUM: 27 - GIRONA (17003)
17079;GIRONA;02;021;;B;M Z;CENTRE CÍVIC PLA DE PALAU;C SARAGOSSA NUM: 27 - GIRONA (17003)
17079;GIRONA;02;022;;U;A Z;PAVELLÓ MUNICIPAL D’ESPORTS DE PALAU;C JOSEP AGUILERA I MARTÍ NUM: 2 - GIRONA (17003)
17079;GIRONA;03;001;;U;A Z;ESCOLA EIXIMENIS;C FRANCESC EIXIMENIS NUM: 7 - GIRONA (17001)
17079;GIRONA;03;002;;U;A Z;ESCOLA EIXIMENIS;C FRANCESC EIXIMENIS NUM: 7 - GIRONA (17001)
17079;GIRONA;03;003;;A;A L;ESCOLA JOAN BRUGUERA;G.V. JAUME I NUM: 24 - GIRONA (17001)
17079;GIRONA;03;003;;B;M Z;ESCOLA JOAN BRUGUERA;G.V. JAUME I NUM: 24 - GIRONA (17001)
17079;GIRONA;03;004;;U;A Z;AUDITORI-PALAU DE CONGRESSOS;PG DEVESA NUM: 35 - GIRONA (17001)
17079;GIRONA;03;005;;A;A L;L’ESTACIÓ ESPAI JOVE;C SANTA EUGÈNIA NUM: 17 - GIRONA (17005)
17079;GIRONA;03;005;;B;M Z;L’ESTACIÓ ESPAI JOVE;C SANTA EUGÈNIA NUM: 17 - GIRONA (17005)
17079;GIRONA;03;006;;U;A Z;SERVEI MUNICIPAL D’OCUPACIÓ;C NARCÍS XIFRA I MASMITJÀ NUM: 43 - GIRONA (17005)
17079;GIRONA;03;007;;A;A L;SERVEI MUNICIPAL D’OCUPACIÓ;C NARCÍS XIFRA I MASMITJÀ NUM: 43 - GIRONA (17005)
17079;GIRONA;03;007;;B;M Z;SERVEI MUNICIPAL D’OCUPACIÓ;C NARCÍS XIFRA I MASMITJÀ NUM: 43 - GIRONA (17005)
17079;GIRONA;03;008;;A;A L;PAVELLÓ MUNICIPAL DE SANTA EUGÈNIA;PG OLOT NUM: 41 - GIRONA (17006)
17079;GIRONA;03;008;;B;M Z;PAVELLÓ MUNICIPAL DE SANTA EUGÈNIA;PG OLOT NUM: 41 - GIRONA (17006)
17079;GIRONA;03;009;;U;A Z;ESCOLA DALMAU CARLES;C TAGA NUM: 1 - GIRONA (17006)
17079;GIRONA;03;010;;A;A L;SERVEI MUNICIPAL D’OCUPACIÓ;C NARCÍS XIFRA I MASMITJÀ NUM: 43 - GIRONA (17005)
17079;GIRONA;03;010;;B;M Z;SERVEI MUNICIPAL D’OCUPACIÓ;C NARCÍS XIFRA I MASMITJÀ NUM: 43 - GIRONA (17005)
17079;GIRONA;03;011;;A;A K;PAVELLÓ MUNICIPAL DE SANTA EUGÈNIA;PG OLOT NUM: 41 - GIRONA (17006)
17079;GIRONA;03;011;;B;L Z;PAVELLÓ MUNICIPAL DE SANTA EUGÈNIA;PG OLOT NUM: 41 - GIRONA (17006)
17079;GIRONA;03;012;;A;A L;SERVEI MUNICIPAL D’OCUPACIÓ;C NARCÍS XIFRA I MASMITJÀ NUM: 43 - GIRONA (17005)
17079;GIRONA;03;012;;B;M Z;SERVEI MUNICIPAL D’OCUPACIÓ;C NARCÍS XIFRA I MASMITJÀ NUM: 43 - GIRONA (17005)
17079;GIRONA;03;013;;A;A L;ESCOLA DALMAU CARLES;C TAGA NUM: 1 - GIRONA (17006)
17079;GIRONA;03;013;;B;M Z;ESCOLA DALMAU CARLES;C TAGA NUM: 1 - GIRONA (17006)
17079;GIRONA;03;014;;A;A K;PAVELLÓ MUNICIPAL DE SANTA EUGÈNIA;PG OLOT NUM: 41 - GIRONA (17006)
17079;GIRONA;03;014;;B;L Z;PAVELLÓ MUNICIPAL DE SANTA EUGÈNIA;PG OLOT NUM: 41 - GIRONA (17006)
17079;GIRONA;03;015;;A;A L;PAVELLÓ MUNICIPAL DE SANTA EUGÈNIA;PG OLOT NUM: 41 - GIRONA (17006)
17079;GIRONA;03;015;;B;M Z;PAVELLÓ MUNICIPAL DE SANTA EUGÈNIA;PG OLOT NUM: 41 - GIRONA (17006)
17079;GIRONA;03;016;;A;A L;PAVELLÓ MUNICIPAL DE SANTA EUGÈNIA;PG OLOT NUM: 41 - GIRONA (17006)
17079;GIRONA;03;016;;B;M Z;PAVELLÓ MUNICIPAL DE SANTA EUGÈNIA;PG OLOT NUM: 41 - GIRONA (17006)
17079;GIRONA;03;017;;A;A L;ESCOLA DALMAU CARLES;C TAGA NUM: 1 - GIRONA (17006)
17079;GIRONA;03;017;;B;M Z;ESCOLA DALMAU CARLES;C TAGA NUM: 1 - GIRONA (17006)
17079;GIRONA;03;018;;A;A L;ESCOLA DALMAU CARLES;C TAGA NUM: 1 - GIRONA (17006)
17079;GIRONA;03;018;;B;M Z;ESCOLA DALMAU CARLES;C TAGA NUM: 1 - GIRONA (17006)
17079;GIRONA;03;019;;A;A L;AUDITORI-PALAU DE CONGRESSOS;PG DEVESA NUM: 35 - GIRONA (17001)
17079;GIRONA;03;019;;B;M Z;AUDITORI-PALAU DE CONGRESSOS;PG DEVESA NUM: 35 - GIRONA (17001)
17079;GIRONA;03;020;;U;A Z;L’ESTACIÓ ESPAI JOVE;C SANTA EUGÈNIA NUM: 17 - GIRONA (17005)
17079;GIRONA;04;001;;U;A Z;CENTRE CÍVIC BARRI VELL MERCADAL;C CORT REIAL NUM: 7 - GIRONA (17004)
17079;GIRONA;04;002;;U;A Z;CENTRE CÍVIC BARRI VELL MERCADAL;C CORT REIAL NUM: 7 - GIRONA (17004)
17079;GIRONA;05;001;;A;A L;LOCAL SOCIAL DE MONTJUÏC;RONDA FORT ROIG NUM: 19 B - GIRONA (17007)
17079;GIRONA;05;001;;B;M Z;LOCAL SOCIAL DE MONTJUÏC;RONDA FORT ROIG NUM: 19 B - GIRONA (17007)
17079;GIRONA;05;002;;U;A Z;CENTRE CIVIC DE PEDRET;C PEDRET NUM: 152 - GIRONA (17007)
17079;GIRONA;05;003;;A;A K;ESCOLA CARME AUGUET;C PORTLLIGAT NUM: 11 - GIRONA (17007)
17079;GIRONA;05;003;;B;L Z;ESCOLA CARME AUGUET;C PORTLLIGAT NUM: 11 - GIRONA (17007)
17079;GIRONA;05;004;;U;A Z;ESCOLES SANT DANIEL;C MONGES NUM: 22 - GIRONA (17007)
17079;GIRONA;05;005;;U;A Z;ESCOLA CARME AUGUET;C PORTLLIGAT NUM: 11 - GIRONA (17007)
17079;GIRONA;05;006;;U;A Z;LOCAL SOCIAL DE MONTJUÏC;RONDA FORT ROIG NUM: 19 B - GIRONA (17007)
17079;GIRONA;06;001;;A;A L;ESCOLA TAIALÀ;CTRA TAIALÀ NUM: 75 - GIRONA (17007)
17079;GIRONA;06;001;;B;M Z;ESCOLA TAIALÀ;CTRA TAIALÀ NUM: 75 - GIRONA (17007)
17079;GIRONA;06;002;;A;A L;ESCOLA TAIALÀ;CTRA TAIALÀ NUM: 75 - GIRONA (17007)
17079;GIRONA;06;002;;B;M Z;ESCOLA TAIALÀ;CTRA TAIALÀ NUM: 75 - GIRONA (17007)
17079;GIRONA;06;003;;A;A K;ESCOLA TAIALÀ;CTRA TAIALÀ NUM: 75 - GIRONA (17007)
17079;GIRONA;06;003;;B;L Z;ESCOLA TAIALÀ;CTRA TAIALÀ NUM: 75 - GIRONA (17007)
17079;GIRONA;06;004;;A;A L;ESCOLA TAIALÀ;CTRA TAIALÀ NUM: 75 - GIRONA (17007)
17079;GIRONA;06;004;;B;M Z;ESCOLA TAIALÀ;CTRA TAIALÀ NUM: 75 - GIRONA (17007)
17079;GIRONA;06;005;;U;A Z;ESCOLA TAIALÀ;CTRA TAIALÀ NUM: 75 - GIRONA (17007)
17080;GOMBRÈN;01;001;;U;A Z;AJUNTAMENT DE GOMBREN (DEPENDENCIES MUNICIPALS);AV MOISES TORRENS NUM: 8 - GOMBRÈN (17531)
17081;GUALTA;01;001;;U;A Z;EDIFICI MUNICIPAL DE SERVEIS;PLAÇA CATALUNYA NUM: 1 - GUALTA (17257)
17082;GUILS DE CERDANYA;01;001;;U;A Z;ANTIGUES ESCOLES;C/ MALET NUM: 15 - GUILS DE CERDANYA (17528)
17083;HOSTALRIC;01;001;;U;A Z;CENTRE CULTURAL POLIVALENT SERAFÍ PITARRA;C/ RAVAL NUM: 43 - HOSTALRIC (17450)
17083;HOSTALRIC;01;002;;A;A L;COL·LEGI MARE DE DEU DELS SOCORS (VESTÍBUL);AV FORTALESA NUM: 26 - HOSTALRIC (17450)
17083;HOSTALRIC;01;002;;B;M Z;COL·LEGI MARE DE DEU DELS SOCORS (VESTÍBUL);AV FORTALESA NUM: 26 - HOSTALRIC (17450)
17083;HOSTALRIC;01;003;;U;A Z;COL·LEGI MARE DE DEU DELS SOCORS (VESTÍBUL);AV FORTALESA NUM: 26 - HOSTALRIC (17450)
17084;ISÒVOL;01;001;;U;A Z;AJUNTAMENT D’ISOVOL (LOCAL POLIVALENT);CARRE MAJOR D’ALL S/N - ALL - ISÒVOL (17539)
17085;JAFRE;01;001;;U;A Z;CASA DE LA VILA (BAIXOS);PLAÇA MAJOR NUM: 1 - JAFRE (17143)
17086;JONQUERA (LA);01;001;;A;A K;SOCIETAT UNIÓ JONQUERENCA (SALA D’ESPECTACLES);CARRE MAJOR NUM: 101 - JONQUERA (LA) (17700)
17086;JONQUERA (LA);01;001;;B;L Z;SOCIETAT UNIÓ JONQUERENCA (SALA D’ESPECTACLES);CARRE MAJOR NUM: 101 - JONQUERA (LA) (17700)
17086;JONQUERA (LA);01;002;;U;A Z;EDIFICI CAN LAPORTA;CARRE MAJOR NUM: 2 - JONQUERA (LA) (17700)
17087;JUIÀ;01;001;;U;A Z;AJUNTAMENT DE JUIÀ (BAIXOS);CARRE BAIX NUM: 10 - JUIÀ (17462)
17088;LLADÓ;01;001;;U;A Z;SALA DE SANT JOAN;PLAÇA PRIORAT NUM: 4 - LLADÓ (17745)
17089;LLAGOSTERA;01;001;;A;A L;I.E.S. DE LLAGOSTERA;AV GIRONES NUM: 51 - LLAGOSTERA (17240)
17089;LLAGOSTERA;01;001;;B;M Z;I.E.S. DE LLAGOSTERA;AV GIRONES NUM: 51 - LLAGOSTERA (17240)
17089;LLAGOSTERA;01;002;;A;A L;I.E.S. DE LLAGOSTERA;AV GIRONES NUM: 51 - LLAGOSTERA (17240)
17089;LLAGOSTERA;01;002;;B;M Z;I.E.S. DE LLAGOSTERA;AV GIRONES NUM: 51 - LLAGOSTERA (17240)
17089;LLAGOSTERA;01;003;;A;A F;I.E.S. DE LLAGOSTERA;AV GIRONES NUM: 51 - LLAGOSTERA (17240)
17089;LLAGOSTERA;01;003;;B;G O;I.E.S. DE LLAGOSTERA;AV GIRONES NUM: 51 - LLAGOSTERA (17240)
17089;LLAGOSTERA;01;003;;C;P Z;I.E.S. DE LLAGOSTERA;AV GIRONES NUM: 51 - LLAGOSTERA (17240)
17089;LLAGOSTERA;01;004;;A;A L;I.E.S. DE LLAGOSTERA;AV GIRONES NUM: 51 - LLAGOSTERA (17240)
17089;LLAGOSTERA;01;004;;B;M Z;I.E.S. DE LLAGOSTERA;AV GIRONES NUM: 51 - LLAGOSTERA (17240)
17090;LLAMBILLES;01;001;;U;A Z;AJUNTAMENT DE LLAMBILLES;PLAÇA VILA (DE LA) NUM: 1 - LLAMBILLES (17243)
17091;LLANARS;01;001;;U;A Z;ESCOLES NACIONALS;CARRE QUINTA NUM: 2 - LLANARS (17869)
17092;LLANÇÀ;01;001;;A;A K;CASA DEL MAR DE L’INSTITUT SOCIAL MARINA;CARRE CASTELLAR NUM: 27 - CASC URBA - PORT (EL) - LLANÇÀ (17490)
17092;LLANÇÀ;01;001;;B;L Z;CASA DEL MAR DE L’INSTITUT SOCIAL MARINA;CARRE CASTELLAR NUM: 27 - CASC URBA - PORT (EL) - LLANÇÀ (17490)
17092;LLANÇÀ;01;002;;A;A K;CASA DE CULTURA;PLAÇA MAJOR NUM: 3 - VILA (LA) - LLANÇÀ (17490)
17092;LLANÇÀ;01;002;;B;L Z;CASA DE CULTURA;PLAÇA MAJOR NUM: 3 - VILA (LA) - LLANÇÀ (17490)
17092;LLANÇÀ;01;003;;U;A Z;COL·LEGI POMPEU FABRA;PLAÇA ESPLANES S/N - VILA (LA) - LLANÇÀ (17490)
17093;LLERS;01;001;;U;A Z;AJUNTAMENT DE LLERS;CARRE SANT QUIRZE NUM: 16 - LLERS (17730)
17094;LLÍVIA;01;001;;A;A K;AJUNTAMENT DE LLÍVIA;C/ FORNS (DELS) NUM: 10 - LLÍVIA (17527)
17094;LLÍVIA;01;001;;B;L Z;AJUNTAMENT DE LLÍVIA;C/ FORNS (DELS) NUM: 10 - LLÍVIA (17527)
17095;LLORET DE MAR;01;001;;A;A K;CASA DE LA CULTURA;PLAÇA PERE TORRENT NUM: 1 - LLORET DE MAR (17310)
17095;LLORET DE MAR;01;001;;B;L Z;CASA DE LA CULTURA;PLAÇA PERE TORRENT NUM: 1 - LLORET DE MAR (17310)
17095;LLORET DE MAR;01;002;;A;A K;CASA DE LA CULTURA;PLAÇA PERE TORRENT NUM: 1 - LLORET DE MAR (17310)
17095;LLORET DE MAR;01;002;;B;L Z;CASA DE LA CULTURA;PLAÇA PERE TORRENT NUM: 1 - LLORET DE MAR (17310)
17095;LLORET DE MAR;01;003;;A;A F;CASA DE LA CULTURA;PLAÇA PERE TORRENT NUM: 1 - LLORET DE MAR (17310)
17095;LLORET DE MAR;01;003;;B;G O;CASA DE LA CULTURA;PLAÇA PERE TORRENT NUM: 1 - LLORET DE MAR (17310)
17095;LLORET DE MAR;01;003;;C;P Z;CASA DE LA CULTURA;PLAÇA PERE TORRENT NUM: 1 - LLORET DE MAR (17310)
17095;LLORET DE MAR;02;001;;A;A L;ESCOLA ESTEVE CARLES;C OLIVA NUM: 2 - LLORET DE MAR (17310)
17095;LLORET DE MAR;02;001;;B;M Z;ESCOLA ESTEVE CARLES;C OLIVA NUM: 2 - LLORET DE MAR (17310)
17095;LLORET DE MAR;02;002;;A;A K;ESCOLA ESTEVE CARLES;C OLIVA NUM: 2 - LLORET DE MAR (17310)
17095;LLORET DE MAR;02;002;;B;L Z;ESCOLA ESTEVE CARLES;C OLIVA NUM: 2 - LLORET DE MAR (17310)
17095;LLORET DE MAR;02;003;;A;A K;ESCOLA ESTEVE CARLES;C OLIVA NUM: 2 - LLORET DE MAR (17310)
17095;LLORET DE MAR;02;003;;B;L Z;ESCOLA ESTEVE CARLES;C OLIVA NUM: 2 - LLORET DE MAR (17310)
17095;LLORET DE MAR;03;001;;A;A L;ESCOLA PERE TORRENT;C ESPORTS S/N - LLORET DE MAR (17310)
17095;LLORET DE MAR;03;001;;B;M Z;ESCOLA PERE TORRENT;C ESPORTS S/N - LLORET DE MAR (17310)
17095;LLORET DE MAR;03;002;;A;A F;ESCOLA PERE TORRENT;C ESPORTS S/N - LLORET DE MAR (17310)
17095;LLORET DE MAR;03;002;;B;G O;ESCOLA PERE TORRENT;C ESPORTS S/N - LLORET DE MAR (17310)
17095;LLORET DE MAR;03;002;;C;P Z;ESCOLA PERE TORRENT;C ESPORTS S/N - LLORET DE MAR (17310)
17095;LLORET DE MAR;03;003;;A;A F;ESCOLA PERE TORRENT;C ESPORTS S/N - LLORET DE MAR (17310)
17095;LLORET DE MAR;03;003;;B;G Ñ;ESCOLA PERE TORRENT;C ESPORTS S/N - LLORET DE MAR (17310)
17095;LLORET DE MAR;03;003;;C;O Z;ESCOLA PERE TORRENT;C ESPORTS S/N - LLORET DE MAR (17310)
17095;LLORET DE MAR;03;004;;A;A L;ESCOLA PERE TORRENT;C ESPORTS S/N - LLORET DE MAR (17310)
17095;LLORET DE MAR;03;004;;B;M Z;ESCOLA PERE TORRENT;C ESPORTS S/N - LLORET DE MAR (17310)
17095;LLORET DE MAR;04;001;;A;A L;ESCOLA POMPEU FABRA;AV CAMI DE L’ANGEL NUM: 6 - LLORET DE MAR (17310)
17095;LLORET DE MAR;04;001;;B;M Z;ESCOLA POMPEU FABRA;AV CAMI DE L’ANGEL NUM: 6 - LLORET DE MAR (17310)
17095;LLORET DE MAR;04;002;;A;A L;ESCOLA POMPEU FABRA;AV CAMI DE L’ANGEL NUM: 6 - LLORET DE MAR (17310)
17095;LLORET DE MAR;04;002;;B;M Z;ESCOLA POMPEU FABRA;AV CAMI DE L’ANGEL NUM: 6 - LLORET DE MAR (17310)
17095;LLORET DE MAR;04;003;;A;A L;ESCOLA POMPEU FABRA;AV CAMI DE L’ANGEL NUM: 6 - LLORET DE MAR (17310)
17095;LLORET DE MAR;04;003;;B;M Z;ESCOLA POMPEU FABRA;AV CAMI DE L’ANGEL NUM: 6 - LLORET DE MAR (17310)
17095;LLORET DE MAR;04;004;;U;A Z;ESCOLA POMPEU FABRA;AV CAMI DE L’ANGEL NUM: 6 - LLORET DE MAR (17310)
17096;LLOSSES (LES);01;001;;U;A Z;CASA AJUNTAMENT;VENAT SANTA MARIA DE LES LLOSSES S/N - LLOSSES (LES) (17512)
17097;MADREMANYA;01;001;;U;A Z;AJUNTAMENT DE MADREMANYA;PLAÇA MAJOR NUM: 1 - MADREMANYA (17462)
17098;MAIÀ DE MONTCAL;01;001;;U;A Z;CASA CONSISTORIAL;CARRE NOSTRA SRA. DEL MONT NUM: 12 - MAIÀ DE MONTCAL (17851)
17099;MERANGES;01;001;;U;A Z;AJUNTAMENT DE MERANGES (BAIXOS);CARRE CAMI DE GIRUL S/N - MERANGES (17539)
17100;MASARAC;01;001;;U;A Z;AJUNTAMENT DE MASARAC;PLAÇA MAJOR NUM: 1 - MASARAC (17763)
17101;MASSANES;01;001;;U;A Z;LOCAL SOCIAL;C/ MONTSENY NUM: 1 - MASSANES (CASC URBA) - MASSANES (17452)
17102;MAÇANET DE CABRENYS;01;001;;U;A Z;AJUNTAMENT DE MAÇANET DE CABRENYS (BAIXOS);CARRE PARET NOVA NUM: 14 - MAÇANET DE CABRENYS (17720)
17103;MAÇANET DE LA SELVA;01;001;;A;A L;PAVELLÓ ESPORTIU;PG SANT LLORENÇ NUM: 3 - MAÇANET DE LA SELVA (17412)
17103;MAÇANET DE LA SELVA;01;001;;B;M Z;PAVELLÓ ESPORTIU;PG SANT LLORENÇ NUM: 3 - MAÇANET DE LA SELVA (17412)
17103;MAÇANET DE LA SELVA;01;002;;A;A L;PAVELLÓ ESPORTIU;PG SANT LLORENÇ NUM: 3 - MAÇANET DE LA SELVA (17412)
17103;MAÇANET DE LA SELVA;01;002;;B;M Z;PAVELLÓ ESPORTIU;PG SANT LLORENÇ NUM: 3 - MAÇANET DE LA SELVA (17412)
17103;MAÇANET DE LA SELVA;01;003;;A;A L;PAVELLÓ ESPORTIU;PG SANT LLORENÇ NUM: 3 - MAÇANET DE LA SELVA (17412)
17103;MAÇANET DE LA SELVA;01;003;;B;M Z;PAVELLÓ ESPORTIU;PG SANT LLORENÇ NUM: 3 - MAÇANET DE LA SELVA (17412)
17103;MAÇANET DE LA SELVA;01;004;;A;A L;PAVELLÓ ESPORTIU;PG SANT LLORENÇ NUM: 3 - MAÇANET DE LA SELVA (17412)
17103;MAÇANET DE LA SELVA;01;004;;B;M Z;PAVELLÓ ESPORTIU;PG SANT LLORENÇ NUM: 3 - MAÇANET DE LA SELVA (17412)
17105;MIERES;01;001;;U;A Z;ESCOLES MUNICIPALS;C/ CAN CALÓ (DE) NUM: 60 - MIERES (17830)
17106;MOLLET DE PERALADA;01;001;;U;A Z;AJUNTAMENT DE MOLLET DE PERALADA (VESTÍBUL);CARRE PLAÇA NUM: 12 - MOLLET DE PERALADA (17752)
17107;MOLLÓ;01;001;;U;A Z;AJUNTAMENT DE MOLLÓ - SALA DE PLENS (PLANTA 1ª);C/ SANT SEBASTIÀ (DE) NUM: 2 - MOLLÓ (17868)
17109;MONTAGUT I OIX;01;001;;U;A Z;ESCOLA PUBLICA;AV ESCOLES (DE LES) S/N - MONTAGUT - MONTAGUT I OIX (17855)
17110;MONT-RAS;01;001;;A;A L;ESCOLA PÚBLICA TORRES JONAMA;CARRE TORRES JONAMA NUM: 9 - MONT-RAS (17253)
17110;MONT-RAS;01;001;;B;M Z;ESCOLA PÚBLICA TORRES JONAMA;CARRE TORRES JONAMA NUM: 9 - MONT-RAS (17253)
17111;NAVATA;01;001;;U;A Z;DISPENSARI MUNICIPAL;C/ ESCOLES NUM: 12 - NAVATA (17744)
17112;OGASSA;01;001;;U;A Z;ESCOLA PUBLICA “L’ESQUIROL”;AV MINES NUM: 13 - OGASSA (17861)
17114;OLOT;01;001;;A;A K;ESCOLA BELLES ARTS;C PARE ANTONI SOLER, DEL NUM: 3 - OLOT (17800)
17114;OLOT;01;001;;B;L Z;ESCOLA BELLES ARTS;C PARE ANTONI SOLER, DEL NUM: 3 - OLOT (17800)
17114;OLOT;01;002;;U;A Z;TEATRE PRINCIPAL;PG BLAY, DE NUM: 5 - OLOT (17800)
17114;OLOT;01;003;;U;A Z;TORRE MALAGRIDA;PG BARCELONA, DE NUM: 15 - OLOT (17800)
17114;OLOT;01;004;;U;A Z;ESCOLA MUNICIPAL DE MUSICA;AV ANSELM CLAVÉ, D’ NUM: 7 - OLOT (17800)
17114;OLOT;01;005;;U;A Z;I.M.P.C.;C BISBE LORENZANA, DEL NUM: 15 - OLOT (17800)
17114;OLOT;01;006;;U;A Z;COL.LEGI COR DE MARIA;C ESGLEIERS NUM: 1 - OLOT (17800)
17114;OLOT;01;007;;A;A K;CASAL MARIA;PG BISBE GUILLAMET, DEL NUM: 7 - OLOT (17800)
17114;OLOT;01;007;;B;L Z;CASAL MARIA;PG BISBE GUILLAMET, DEL NUM: 7 - OLOT (17800)
17114;OLOT;02;001;;A;A L;LOCAL A.V. BONAVISTA;C VIOLA, DE LA NUM: 24 - SANT CRISTOFOL LES FONTS - OLOT (17800)
17114;OLOT;02;001;;B;M Z;LOCAL A.V. BONAVISTA;C VIOLA, DE LA NUM: 24 - SANT CRISTOFOL LES FONTS - OLOT (17800)
17114;OLOT;02;002;;A;A L;PAVELLÓ D’ESPORTS;AV REPÚBLICA ARGENTINA, DE LA NUM: 12 - SANT CRISTOFOL LES FONTS - OLOT (17800)
17114;OLOT;02;002;;B;M Z;PAVELLÓ D’ESPORTS;AV REPÚBLICA ARGENTINA, DE LA NUM: 12 - SANT CRISTOFOL LES FONTS - OLOT (17800)
17114;OLOT;02;003;;A;A L;EDIFICI ESTACIÓ;AV ESTACIÓ, DE L’ NUM: 13 - OLOT (17800)
17114;OLOT;02;003;;B;M Z;EDIFICI ESTACIÓ;AV ESTACIÓ, DE L’ NUM: 13 - OLOT (17800)
17114;OLOT;02;004;;U;A Z;LOCAL A.V. SANT ROC;PLAÇA VISTA ALEGRE, DE NUM: 9 - OLOT (17800)
17114;OLOT;02;005;;A;A K;ESCOLA SANT ROC;C CÒRDOVA, DE NUM: 1 - OLOT (17800)
17114;OLOT;02;005;;B;L Z;ESCOLA SANT ROC;C CÒRDOVA, DE NUM: 1 - OLOT (17800)
17114;OLOT;03;001;;U;A Z;PAVELLÓ D’ESPORTS;AV REPÚBLICA ARGENTINA, DE LA NUM: 12 - ST CRISTOFOL LES FONTS - OLOT (17800)
17114;OLOT;03;002;;A;A L;CASAL LES FONTS;C VOLCÀ MONTCAL, DEL NUM: 13 - ST CRISTOFOL LES FONTS - OLOT (17800)
17114;OLOT;03;002;;B;M Z;CASAL LES FONTS;C VOLCÀ MONTCAL, DEL NUM: 13 - ST CRISTOFOL LES FONTS - OLOT (17800)
17114;OLOT;03;003;;A;A L;ESCOLA BISAROQUES;C PARE NOLASC DEL MOLAR, DEL NUM: 6 - ST CRISTOFOL LES FONTS - OLOT (17800)
17114;OLOT;03;003;;B;M Z;ESCOLA BISAROQUES;C PARE NOLASC DEL MOLAR, DEL NUM: 6 - ST CRISTOFOL LES FONTS - OLOT (17800)
17114;OLOT;04;001;;A;A K;MAS LES MATES;C MESTRE FALLA, DEL NUM: 47 - OLOT (17800)
17114;OLOT;04;001;;B;L Z;MAS LES MATES;C MESTRE FALLA, DEL NUM: 47 - OLOT (17800)
17114;OLOT;04;002;;A;A L;CASAL A.V. SANT MIQUEL;CIRCU REI JAUME I CONQUERIDOR, DEL NUM: 31 - OLOT (17800)
17114;OLOT;04;002;;B;M Z;CASAL A.V. SANT MIQUEL;CIRCU REI JAUME I CONQUERIDOR, DEL NUM: 31 - OLOT (17800)
17114;OLOT;05;001;;A;A K;ESCOLA “EL MORROT”;AV MORROT, DEL NUM: 25 - OLOT (17800)
17114;OLOT;05;001;;B;L Z;ESCOLA “EL MORROT”;AV MORROT, DEL NUM: 25 - OLOT (17800)
17114;OLOT;05;002;;A;A K;ESCOLA PLA DE DALT;C ALFORJA, DE L’ NUM: 2 - OLOT (17800)
17114;OLOT;05;002;;B;L Z;ESCOLA PLA DE DALT;C ALFORJA, DE L’ NUM: 2 - OLOT (17800)
17114;OLOT;05;003;;A;A L;ESCOLA SANT PERE MARTIR;C GERANIS, DELS NUM: 50 - OLOT (17800)
17114;OLOT;05;003;;B;M Z;ESCOLA SANT PERE MARTIR;C GERANIS, DELS NUM: 50 - OLOT (17800)
17114;OLOT;05;004;;A;A K;I.E.S. GARROTXA;CTRA RIUDAURA, DE NUM: 110 - OLOT (17800)
17114;OLOT;05;004;;B;L Z;I.E.S. GARROTXA;CTRA RIUDAURA, DE NUM: 110 - OLOT (17800)
17115;ORDIS;01;001;;U;A Z;AJUNTAMENT D’ORDIS (BAIXOS);PLAÇA ESGLESIA S/N - ORDIS (17772)
17116;OSOR;01;001;;U;A Z;ESCOLA PUBLICA;CARRE FRANÇA S/N - OSOR (17161)
17117;PALAFRUGELL;01;001;;A;A L;MUSEU DEL SURO DE PALAFRUGELL;PLAÇA PLACETA DEL MUSEU S/N - PALAFRUGELL (17200)
17117;PALAFRUGELL;01;001;;B;M Z;MUSEU DEL SURO DE PALAFRUGELL;PLAÇA PLACETA DEL MUSEU S/N - PALAFRUGELL (17200)
17117;PALAFRUGELL;01;002;;A;A L;COL·LEGI PI VERD (PLANTA BAIXA);C VICENÇ ROURE I ARMADA NUM: 18 - PALAFRUGELL (17200)
17117;PALAFRUGELL;01;002;;B;M Z;COL·LEGI PI VERD (PLANTA BAIXA);C VICENÇ ROURE I ARMADA NUM: 18 - PALAFRUGELL (17200)
17117;PALAFRUGELL;01;003;;A;A L;GRUP ESCOLAR TORRES JONAMA;C ESCOLES NUM: 10 - PALAFRUGELL (17200)
17117;PALAFRUGELL;01;003;;B;M Z;GRUP ESCOLAR TORRES JONAMA;C ESCOLES NUM: 10 - PALAFRUGELL (17200)
17117;PALAFRUGELL;01;004;;A;A L;GRUP ESCOLAR TORRES JONAMA;C ESCOLES NUM: 10 - PALAFRUGELL (17200)
17117;PALAFRUGELL;01;004;;B;M Z;GRUP ESCOLAR TORRES JONAMA;C ESCOLES NUM: 10 - PALAFRUGELL (17200)
17117;PALAFRUGELL;01;005;;U;A Z;COL·LEGI PI VERD (PLANTA BAIXA);C VICENÇ ROURE I ARMADA NUM: 18 - PALAFRUGELL (17200)
17117;PALAFRUGELL;02;001;;A;A L;TEATRE MUNICIPAL DE PALAFRUGELL (VESTÍBUL);C SANTA MARGARIDA NUM: 1 - PALAFRUGELL (17200)
17117;PALAFRUGELL;02;001;;B;M Z;TEATRE MUNICIPAL DE PALAFRUGELL (VESTÍBUL);C SANTA MARGARIDA NUM: 1 - PALAFRUGELL (17200)
17117;PALAFRUGELL;02;002;;A;A L;COL.LEGI PRATS DE LA CARRERA;C ANSELM CLAVE NUM: 31 - PALAFRUGELL (17200)
17117;PALAFRUGELL;02;002;;B;M Z;COL.LEGI PRATS DE LA CARRERA;C ANSELM CLAVE NUM: 31 - PALAFRUGELL (17200)
17117;PALAFRUGELL;02;003;01;A;A Z;INSTITUT NACIONAL DE BATXILLERAT C3;C FREDERIC MARTI CARRERAS NUM: 13 - PALAFRUGELL (17200)
17117;PALAFRUGELL;02;003;02;B;A Z;LOCAL DE L’ASSOCIACIO DE VEINS;C GELPI NUM: 3 - CALELLA - PALAFRUGELL (17210)
17117;PALAFRUGELL;03;001;;A;A K;LLAR D’INFANTS “ELS BELLUGUETS”;AVDA GENERALITAT NUM: 9 - PALAFRUGELL (17200)
17117;PALAFRUGELL;03;001;;B;L Z;LLAR D’INFANTS “ELS BELLUGUETS”;AVDA GENERALITAT NUM: 9 - PALAFRUGELL (17200)
17117;PALAFRUGELL;03;002;01;A;A L;GRUP ESCOLAR BARCELO MATAS;C PALS NUM: 75 - PALAFRUGELL (17200)
17117;PALAFRUGELL;03;002;01;B;M Z;GRUP ESCOLAR BARCELO MATAS;C PALS NUM: 75 - PALAFRUGELL (17200)
17117;PALAFRUGELL;03;002;02;C;A Z;LOCAL ASS. AMICS I VEÏNS DE LLOFRIU;C IRENE ROCAS NUM: 1 - POBLE - LLOFRIU - PALAFRUGELL (17124)
17117;PALAFRUGELL;03;003;;U;A Z;LLAR D’INFANTS “ELS BELLUGUETS”;AVDA GENERALITAT NUM: 9 - PALAFRUGELL (17200)
17118;PALAMÓS;01;001;;A;A L;EDIFICI DEL CLUB NAUTIC COSTA BRAVA;CARRE CLUB NAUTIC S/N - PALAMÓS (17230)
17118;PALAMÓS;01;001;;B;M Z;EDIFICI DEL CLUB NAUTIC COSTA BRAVA;CARRE CLUB NAUTIC S/N - PALAMÓS (17230)
17118;PALAMÓS;01;002;;A;A L;ESCOLA LA VILA;CARRE FOMENT NUM: 20 - PALAMÓS (17230)
17118;PALAMÓS;01;002;;B;M Z;ESCOLA LA VILA;CARRE FOMENT NUM: 20 - PALAMÓS (17230)
17118;PALAMÓS;01;003;;A;A L;ESCOLA LA VILA;CARRE FOMENT NUM: 20 - PALAMÓS (17230)
17118;PALAMÓS;01;003;;B;M Z;ESCOLA LA VILA;CARRE FOMENT NUM: 20 - PALAMÓS (17230)
17118;PALAMÓS;01;004;;U;A Z;ESCOLA LA VILA;CARRE FOMENT NUM: 20 - PALAMÓS (17230)
17118;PALAMÓS;02;001;;U;A Z;SALA POLIVALENT “NAU DELS 50 METRES”;CARRE LONDRES NUM: 24 - PALAMÓS (17230)
17118;PALAMÓS;02;002;;A;A K;SALA POLIVALENT “NAU DELS 50 METRES”;CARRE LONDRES NUM: 24 - PALAMÓS (17230)
17118;PALAMÓS;02;002;;B;L Z;SALA POLIVALENT “NAU DELS 50 METRES”;CARRE LONDRES NUM: 24 - PALAMÓS (17230)
17118;PALAMÓS;03;001;01;A;A Z;AULA D’APRENENTATGE;CARRE RIERA NUM: 31 - SANT JOAN DE PALAMÓS - PALAMÓS (17230)
17118;PALAMÓS;03;001;02;B;A Z;SALA POLIVALENT “NAU DELS 50 METRES”;CARRE LONDRES NUM: 24 - PALAMÓS (17230)
17118;PALAMÓS;03;002;;A;A K;SALA POLIVALENT ES PLA;CARRE GASPAR MATAS NUM: 50 - SANT JOAN DE PALAMÓS - PALAMÓS (17230)
17118;PALAMÓS;03;002;;B;L Z;SALA POLIVALENT ES PLA;CARRE GASPAR MATAS NUM: 50 - SANT JOAN DE PALAMÓS - PALAMÓS (17230)
17118;PALAMÓS;03;003;;A;A L;SALA POLIVALENT “NAU DELS 50 METRES”;CARRE LONDRES NUM: 24 - PALAMÓS (17230)
17118;PALAMÓS;03;003;;B;M Z;SALA POLIVALENT “NAU DELS 50 METRES”;CARRE LONDRES NUM: 24 - PALAMÓS (17230)
17118;PALAMÓS;04;001;;A;A L;SALA POLIVALENT;PL. MOSSEN GUMERSIND S/N - SANT JOAN DE PALAMÓS - PALAMÓS (17230)
17118;PALAMÓS;04;001;;B;M Z;SALA POLIVALENT;PL. MOSSEN GUMERSIND S/N - SANT JOAN DE PALAMÓS - PALAMÓS (17230)
17118;PALAMÓS;04;002;;A;A L;AULA D’APRENENTATGE;CARRE RIERA NUM: 31 - SANT JOAN DE PALAMÓS - PALAMÓS (17230)
17118;PALAMÓS;04;002;;B;M Z;AULA D’APRENENTATGE;CARRE RIERA NUM: 31 - SANT JOAN DE PALAMÓS - PALAMÓS (17230)
17119;PALAU DE SANTA EULÀLIA;01;001;;U;A Z;AJUNTAMENT DE PALAU DE SANTA EULÀLIA (SALA D’ACTES) C/ GA;GARRIGÀS NUM: 4 - SANTA EULÀLIA - PALAU DE SANTA EULÀLIA (17476)
17120;PALAU-SAVERDERA;01;001;;U;A Z;HOTEL D’ENTITATS (PLANTA BAIXA);CARRE NOU NUM: 49 - PALAU-SAVERDERA (17495)
17121;PALAU-SATOR;01;001;;U;A Z;AJUNTAMENT DE PALAU-SATOR (NOU EDIFICI);PLAÇA AJUNTAMENT S/N - PALAU-SATOR (17256)
17123;PALOL DE REVARDIT;01;001;;U;A Z;LOCAL SOCIAL DE L’AJUNTAMENT (BAIXOS);VENAT PALOL DE REVARDIT NUM: 3 - PALOL DE REVARDIT (17843)
17124;PALS;01;001;;A;A L;CENTRE CÍVIC;CARRE ENRIC FORT NUM: 26 - PALS (17256)
17124;PALS;01;001;;B;M Z;CENTRE CÍVIC;CARRE ENRIC FORT NUM: 26 - PALS (17256)
17125;PARDINES;01;001;;U;A Z;AJUNTAMENT DE PARDINES (BAIXOS);PLAÇA PADRO NUM: 7 - PARDINES (17534)
17126;PARLAVÀ;01;001;;U;A Z;LOCAL SOCIAL;CARRE SALVETAT NUM: 3 - PARLAVÀ (17133)
17128;PAU;01;001;;U;A Z;ESCOLES DE PAU;CARRE MIGJORN NUM: 2 - PAU (17494)
17129;PEDRET I MARZÀ;01;001;;U;A Z;CENTRE CIVIC;CARRE MAR NUM: 13 - MARZA - PEDRET I MARZÀ (17493)
17130;PERA (LA);01;001;;U;A Z;ESCOLA PÚBLICA “PEDRA BLANCA”;AV SANT FRANCESC D’ASIS NUM: 15 - PERA (LA) (17120)
17132;PERALADA;01;001;01;A;A K;CENTRE SOCIOSANITARI;CARRE CAMI DE LA GARRIGA NUM: 1 - PERALADA (17491)
17132;PERALADA;01;001;01;B;L Z;CENTRE SOCIOSANITARI;CARRE CAMI DE LA GARRIGA NUM: 1 - PERALADA (17491)
17132;PERALADA;01;001;02;C;A Z;CAN SALA (SALA D’ACTES);PLAÇA MAJOR NUM: 2 - VILANOVA DE LA MUGA - PERALADA (17492)
17133;PLANES D’HOSTOLES (LES);01;001;;A;A K;ESCOLA PUBLICA SANT CRISTOFOL;AV NARCÍS ARNAU NUM: 58 - PLANES D’HOSTOLES (LES) (17172)
17133;PLANES D’HOSTOLES (LES);01;001;;B;L Z;ESCOLA PUBLICA SANT CRISTOFOL;AV NARCÍS ARNAU NUM: 58 - PLANES D’HOSTOLES (LES) (17172)
17134;PLANOLES;01;001;;U;A Z;AJUNTAMENT DE PLANOLES (BAIXOS);PLAÇA AJUNTAMENT NUM: 1 - PLANOLES (17535)
17135;PONT DE MOLINS;01;001;;U;A Z;DISPENSARI MUNICIPAL;PLAÇA DR. JORDI CUFFÍ CASELLAS NUM: 1 - PONT DE MOLINS (17706)
17136;PONTÓS;01;001;;U;A Z;COL.LEGI PUBLIC;CARRE CREU NUM: 18 - PONTÓS (17773)
17137;PORQUERES;01;001;;U;A Z;ESCOLA EL FRIGOLET;PRAGE PORQUERES NUM: 30 - PORQUERES (17834)
17137;PORQUERES;01;002;;A;A L;ESCOLA L’ENTORN;CARRE MONTSENY NUM: 15 - MATA - PORQUERES (17846)
17137;PORQUERES;01;002;;B;M Z;ESCOLA L’ENTORN;CARRE MONTSENY NUM: 15 - MATA - PORQUERES (17846)
17137;PORQUERES;01;003;;A;A L;CENTRE CIVIC LES PEDRERES;CARRE MERCE RODOREDA NUM: 5 - LES PEDRERES - PORQUERES (17846)
17137;PORQUERES;01;003;;B;M Z;CENTRE CIVIC LES PEDRERES;CARRE MERCE RODOREDA NUM: 5 - LES PEDRERES - PORQUERES (17846)
17138;PORTBOU;01;001;;A;A K;SALA WALTER BENJAMIN;AV BARCELONA NUM: 7 - PORTBOU (17497)
17138;PORTBOU;01;001;;B;L Z;SALA WALTER BENJAMIN;AV BARCELONA NUM: 7 - PORTBOU (17497)
17139;PRESES (LES);01;001;01;A;A Z;EDIFICI ESCOLES;C/ SANT SEBASTIÀ NUM: 41 - PRESES (LES) (17178)
17139;PRESES (LES);01;001;02;B;A Z;LOCAL SOCIAL BOSC DE TOSCA;AV ZONA ESPORTIVA (DE LA) NUM: 13 - BOSC DE TOSCA - PRESES (LES) (17178)
17140;PORT DE LA SELVA (EL);01;001;;U;A Z;CENTRE CÍVIC MOLL D’EN BALLEU (SALA DEL BALL);C/ MOLL D’EN BALLEU NUM: 2 - PORT DE LA SELVA (EL) (17489)
17141;PUIGCERDÀ;01;001;;U;A Z;ESCOLES NOVES DE L’ESTANY (BAIXOS);AV SCHIERBECK NUM: 1 - PUIGCERDÀ (17520)
17141;PUIGCERDÀ;01;002;;A;A L;ESCOLES NOVES DE L’ESTANY (BAIXOS);AV SCHIERBECK NUM: 1 - PUIGCERDÀ (17520)
17141;PUIGCERDÀ;01;002;;B;M Z;ESCOLES NOVES DE L’ESTANY (BAIXOS);AV SCHIERBECK NUM: 1 - PUIGCERDÀ (17520)
17141;PUIGCERDÀ;01;003;;A;A L;ESCOLES NOVES DE L’ESTANY (BAIXOS);AV SCHIERBECK NUM: 1 - PUIGCERDÀ (17520)
17141;PUIGCERDÀ;01;003;;B;M Z;ESCOLES NOVES DE L’ESTANY (BAIXOS);AV SCHIERBECK NUM: 1 - PUIGCERDÀ (17520)
17141;PUIGCERDÀ;01;004;;A;A K;ESCOLES NOVES DE L’ESTANY (BAIXOS);AV SCHIERBECK NUM: 1 - PUIGCERDÀ (17520)
17141;PUIGCERDÀ;01;004;;B;L Z;ESCOLES NOVES DE L’ESTANY (BAIXOS);AV SCHIERBECK NUM: 1 - PUIGCERDÀ (17520)
17141;PUIGCERDÀ;01;005;;U;A Z;ESCOLES NOVES DE L’ESTANY (BAIXOS);AV SCHIERBECK NUM: 1 - PUIGCERDÀ (17520)
17142;QUART;01;001;;A;A L;LOCAL SOCIAL DE QUART;C/ TREN NUM: 49 - QUART (17242)
17142;QUART;01;001;;B;M Z;LOCAL SOCIAL DE QUART;C/ TREN NUM: 49 - QUART (17242)
17142;QUART;01;002;01;A;A Z;LOCAL SOCIAL DE QUART;C/ TREN NUM: 49 - QUART (17242)
17142;QUART;01;002;02;B;A Z;LOCAL SOCIAL DE PALOL D’ONYAR;C/ DOLMEN (DEL) NUM: 17 - PALOL D’ONYAR - QUART (17241)
17143;RABÓS;01;001;;U;A Z;TELE CLUB;CARRE PLAÇA NUM: 2 - RABÓS (17754)
17144;REGENCÓS;01;001;;U;A Z;CASA DE LA VILA (LOCAL SOCIAL);CARRE TORRES JONAMA NUM: 2 - REGENCÓS (17214)
17145;RIBES DE FRESER;01;001;;U;A Z;ESCOLA PUBLICA VERGE DE NURIA;PG ÀNGEL GUIMERÀ NUM: 1 - RIBES DE FRESER (17534)
17145;RIBES DE FRESER;01;002;;U;A Z;ESCOLA PUBLICA VERGE DE NURIA;PG ÀNGEL GUIMERÀ NUM: 1 - RIBES DE FRESER (17534)
17146;RIELLS I VIABREA;01;001;;A;A K;AJUNTAMENT DE RIELLS I VIABREA (BAIXOS);AV SALVÀ NUM: 1 - CAN SALVA - RIELLS I VIABREA (17404)
17146;RIELLS I VIABREA;01;001;;B;L Z;AJUNTAMENT DE RIELLS I VIABREA (BAIXOS);AV SALVÀ NUM: 1 - CAN SALVA - RIELLS I VIABREA (17404)
17146;RIELLS I VIABREA;01;002;;A;A L;L’ESCOLETA DE RIELLS;AV MORENETA S/N - BOSC DE LA BATLLORIA - RIELLS I VIABREA (17404)
17146;RIELLS I VIABREA;01;002;;B;M Z;L’ESCOLETA DE RIELLS;AV MORENETA S/N - BOSC DE LA BATLLORIA - RIELLS I VIABREA (17404)
17147;RIPOLL;01;001;;A;A L;ESCOLA VEDRUNA;C/ BERENGUER EL VELL NUM: 10 - RIPOLL (17500)
17147;RIPOLL;01;001;;B;M Z;ESCOLA VEDRUNA;C/ BERENGUER EL VELL NUM: 10 - RIPOLL (17500)
17147;RIPOLL;02;001;;U;A Z;BIBLIOTECA “LAMBERT MATA”;C/ VINYES NUM: 1 - RIPOLL (17500)
17147;RIPOLL;02;002;;U;A Z;RESIDÈNCIA D’AVIS “PLA DE SANT PERE”;AV COMTE GUIFRE NUM: 27 - RIPOLL (17500)
17147;RIPOLL;03;001;;A;A L;ESCOLA PUBLICA JOAN MARAGALL;CTRA BARCELONA NUM: 8 - RIPOLL (17500)
17147;RIPOLL;03;001;;B;M Z;ESCOLA PUBLICA JOAN MARAGALL;CTRA BARCELONA NUM: 8 - RIPOLL (17500)
17147;RIPOLL;03;002;;U;A Z;SALA EUDALD GRAELLS;PG SANT JOAN NUM: 1 - RIPOLL (17500)
17147;RIPOLL;03;003;;A;A L;SALA EUDALD GRAELLS;PG SANT JOAN NUM: 1 - RIPOLL (17500)
17147;RIPOLL;03;003;;B;M Z;SALA EUDALD GRAELLS;PG SANT JOAN NUM: 1 - RIPOLL (17500)
17147;RIPOLL;03;004;;A;A L;ESCOLA PUBLICA JOAN MARAGALL;CTRA BARCELONA NUM: 8 - RIPOLL (17500)
17147;RIPOLL;03;004;;B;M Z;ESCOLA PUBLICA JOAN MARAGALL;CTRA BARCELONA NUM: 8 - RIPOLL (17500)
17147;RIPOLL;04;001;;A;A L;ESCOLA PUBLICA JOAN MARAGALL;CTRA BARCELONA NUM: 8 - RIPOLL (17500)
17147;RIPOLL;04;001;;B;M Z;ESCOLA PUBLICA JOAN MARAGALL;CTRA BARCELONA NUM: 8 - RIPOLL (17500)
17148;RIUDARENES;01;001;01;A;A L;CENTRE CULTURAL POLIVALENT;C/ SANT MARTI NUM: 43 - RIUDARENES (17421)
17148;RIUDARENES;01;001;01;B;M Z;CENTRE CULTURAL POLIVALENT;C/ SANT MARTI NUM: 43 - RIUDARENES (17421)
17148;RIUDARENES;01;001;02;C;A Z;CENTRE CÍVIC CAN FORNACA;AV ARGIMON NUM: 2 - CAN FORNACA - RIUDARENES (17421)
17149;RIUDAURA;01;001;;U;A Z;ESCOLA LLUIS CASTELLS DE RIUDAURA;CARRE ESCOLA NUM: 1 - RIUDAURA (17179)
17150;RIUDELLOTS DE LA SELVA;01;001;;A;A L;NOU EDIFICI DE L’AJUNTAMENT (BAIXOS);PLAÇA AJUNTAMENT (DE L’) NUM: 1 - RIUDELLOTS DE LA SELVA (17457)
17150;RIUDELLOTS DE LA SELVA;01;001;;B;M Z;NOU EDIFICI DE L’AJUNTAMENT (BAIXOS);PLAÇA AJUNTAMENT (DE L’) NUM: 1 - RIUDELLOTS DE LA SELVA (17457)
17151;RIUMORS;01;001;;U;A Z;LOCAL DE JOVES;C/ PLAÇA VELLA NUM: 6 - RIUMORS (17469)
17152;ROSES;01;001;;A;A K;CASA CAMBÓ;PLAÇA CATALUNYA (DE) NUM: 13 - ROSES (17480)
17152;ROSES;01;001;;B;L Z;CASA CAMBÓ;PLAÇA CATALUNYA (DE) NUM: 13 - ROSES (17480)
17152;ROSES;01;002;;A;A K;TEATRE MUNICIPAL DE ROSES;C TARRAGONA (DE) NUM: 71 - ROSES (17480)
17152;ROSES;01;002;;B;L Z;TEATRE MUNICIPAL DE ROSES;C TARRAGONA (DE) NUM: 71 - ROSES (17480)
17152;ROSES;01;003;;A;A L;I.E.S. CAP NORFEU;C PONENT (DE) NUM: 40 - ROSES (17480)
17152;ROSES;01;003;;B;M Z;I.E.S. CAP NORFEU;C PONENT (DE) NUM: 40 - ROSES (17480)
17152;ROSES;01;004;;A;A L;I.E.S. CAP NORFEU;C PONENT (DE) NUM: 40 - ROSES (17480)
17152;ROSES;01;004;;B;M Z;I.E.S. CAP NORFEU;C PONENT (DE) NUM: 40 - ROSES (17480)
17152;ROSES;01;005;;U;A Z;I.E.S. CAP NORFEU;C PONENT (DE) NUM: 40 - ROSES (17480)
17152;ROSES;01;006;;A;A K;TEATRE MUNICIPAL DE ROSES;C TARRAGONA (DE) NUM: 71 - ROSES (17480)
17152;ROSES;01;006;;B;L Z;TEATRE MUNICIPAL DE ROSES;C TARRAGONA (DE) NUM: 71 - ROSES (17480)
17152;ROSES;02;001;;A;A L;CASAL DEL PESCADOR (SALA PRIMER PIS);C RIERA GINJOLERS (DE LA) NUM: 22 - ROSES (17480)
17152;ROSES;02;001;;B;M Z;CASAL DEL PESCADOR (SALA PRIMER PIS);C RIERA GINJOLERS (DE LA) NUM: 22 - ROSES (17480)
17152;ROSES;02;002;;A;A K;CASAL DEL PESCADOR (SALA PRIMER PIS);C RIERA GINJOLERS (DE LA) NUM: 22 - ROSES (17480)
17152;ROSES;02;002;;B;L Z;CASAL DEL PESCADOR (SALA PRIMER PIS);C RIERA GINJOLERS (DE LA) NUM: 22 - ROSES (17480)
17152;ROSES;02;003;;U;A Z;CEIP NARCIS MONTURIOL;AV RHODE (DE) NUM: 239 - ROSES (17480)
17152;ROSES;02;004;;U;A Z;CEIP ELS GRECS;C BERNAT DESCLOT (DE) NUM: 12 - SUREDES D’EN MAIRO-GRECS-MUNTANYETA - ROSES (17480)
17152;ROSES;02;005;;A;A L;CEIP NARCIS MONTURIOL;AV RHODE (DE) NUM: 239 - ROSES (17480)
17152;ROSES;02;005;;B;M Z;CEIP NARCIS MONTURIOL;AV RHODE (DE) NUM: 239 - ROSES (17480)
17153;RUPIÀ;01;001;;U;A Z;CONSULTORI LOCAL;PLAÇA AVALL NUM: 2 - RUPIÀ (17131)
17154;SALES DE LLIERCA;01;001;;U;A Z;AJUNTAMENT DE SALES DE LLIERCA;PLAÇA ESGLESIA (DE L’) S/N - SALES DE LLIERCA (17853)
17155;SALT;01;001;;A;A K;MAS LLORENS;C/ LLUIS MORENO NUM: 8 - SALT (17190)
17155;SALT;01;001;;B;L Z;MAS LLORENS;C/ LLUIS MORENO NUM: 8 - SALT (17190)
17155;SALT;01;002;;U;A Z;ESCOLA LA FARGA;C/ SANT DIONIS NUM: 40 - SALT (17190)
17155;SALT;01;003;01;A;A Z;ESCOLA LA FARGA;C/ SANT DIONIS NUM: 40 - SALT (17190)
17155;SALT;01;003;02;B;A Z;ESCOLA DEL PLA;PG MARQUES DE CAMPS NUM: 50 - SALT (17190)
17155;SALT;01;004;;A;A K;ESCOLA SILVESTRE SANTALO;PG JOSEP MARIA FOLCH I TORRES NUM: 10 - SALT (17190)
17155;SALT;01;004;;B;L Z;ESCOLA SILVESTRE SANTALO;PG JOSEP MARIA FOLCH I TORRES NUM: 10 - SALT (17190)
17155;SALT;01;005;;A;A K;ESCOLA LA FARGA;C/ SANT DIONIS NUM: 40 - SALT (17190)
17155;SALT;01;005;;B;L Z;ESCOLA LA FARGA;C/ SANT DIONIS NUM: 40 - SALT (17190)
17155;SALT;01;006;;U;A Z;AJUNTAMENT DE SALT-RECAPTACIO;C/ MAJOR NUM: 163 - SALT (17190)
17155;SALT;01;008;;A;A L;ESCOLA DEL PLA;PG MARQUES DE CAMPS NUM: 50 - SALT (17190)
17155;SALT;01;008;;B;M Z;ESCOLA DEL PLA;PG MARQUES DE CAMPS NUM: 50 - SALT (17190)
17155;SALT;01;009;;U;A Z;ESCOLA SILVESTRE SANTALO;PG JOSEP MARIA FOLCH I TORRES NUM: 10 - SALT (17190)
17155;SALT;02;001;;A;A L;AJUNTAMENT DE SALT-SALÓ DE PLENS;C/ MANUEL DE FALLA S/N - SALT (17190)
17155;SALT;02;001;;B;M Z;AJUNTAMENT DE SALT-SALÓ DE PLENS;C/ MANUEL DE FALLA S/N - SALT (17190)
17155;SALT;02;002;;U;A Z;ESCOLA DE VEINAT-GERTRUDIS MORET;C/ ENRIC GRANADOS NUM: 8 - SALT (17190)
17155;SALT;02;003;;A;A K;ESCOLA DE VEINAT-GERTRUDIS MORET;C/ ENRIC GRANADOS NUM: 8 - SALT (17190)
17155;SALT;02;003;;B;L Z;ESCOLA DE VEINAT-GERTRUDIS MORET;C/ ENRIC GRANADOS NUM: 8 - SALT (17190)
17155;SALT;02;004;;A;A K;AJUNTAMENT DE SALT-SALÓ DE PLENS;C/ MANUEL DE FALLA S/N - SALT (17190)
17155;SALT;02;004;;B;L Z;AJUNTAMENT DE SALT-SALÓ DE PLENS;C/ MANUEL DE FALLA S/N - SALT (17190)
17155;SALT;02;005;;U;A Z;ESCOLA LA FARGA;C/ SANT DIONIS NUM: 40 - SALT (17190)
17155;SALT;02;006;;U;A Z;CENTRE SOCIAL MAS MOTA;PLAÇA CATALUNYA NUM: 8 - SALT (17190)
17155;SALT;02;007;;U;A Z;AJUNTAMENT DE SALT-SALÓ DE PLENS;C/ MANUEL DE FALLA S/N - SALT (17190)
17157;SANT ANDREU SALOU;01;001;;U;A Z;AJUNTAMENT DE SANT ANDREU SALOU;VENAT SANT ANDREU S/N - SANT ANDREU SALOU (17454)
17158;SANT CLIMENT SESCEBES;01;001;;U;A Z;ESCOLA SANT SEBASTIÀ;CARRE ICARIA NUM: 17 - SANT CLIMENT SESCEBES (17751)
17159;SANT FELIU DE BUIXALLEU;01;001;;U;A Z;SALA POLIVALENT DE SANT FELIU DE BUIXALLEU;VENAT GASERANS (DISSEMINAT) NUM: 181 - GASERANS - SANT FELIU DE BUIXALLEU (17451)
17160;SANT FELIU DE GUÍXOLS;01;001;;A;A L;CEIP GAZIEL;C MALL NUM: 96 - SANT FELIU DE GUÍXOLS (17220)
17160;SANT FELIU DE GUÍXOLS;01;001;;B;M Z;CEIP GAZIEL;C MALL NUM: 96 - SANT FELIU DE GUÍXOLS (17220)
17160;SANT FELIU DE GUÍXOLS;01;002;;A;A L;CEIP GAZIEL;C MALL NUM: 96 - SANT FELIU DE GUÍXOLS (17220)
17160;SANT FELIU DE GUÍXOLS;01;002;;B;M Z;CEIP GAZIEL;C MALL NUM: 96 - SANT FELIU DE GUÍXOLS (17220)
17160;SANT FELIU DE GUÍXOLS;02;001;;A;A L;AJUNTAMENT DE SANT FELIU DE GUIXOLS;PLAÇA MERCAT NUM: 6 - SANT FELIU DE GUÍXOLS (17220)
17160;SANT FELIU DE GUÍXOLS;02;001;;B;M Z;AJUNTAMENT DE SANT FELIU DE GUIXOLS;PLAÇA MERCAT NUM: 6 - SANT FELIU DE GUÍXOLS (17220)
17160;SANT FELIU DE GUÍXOLS;02;002;;A;A L;CENTRE OCUPACIONAL TRAMUNTANA;C NOU DELS GARROFERS NUM: 84 - SANT FELIU DE GUÍXOLS (17220)
17160;SANT FELIU DE GUÍXOLS;02;002;;B;M Z;CENTRE OCUPACIONAL TRAMUNTANA;C NOU DELS GARROFERS NUM: 84 - SANT FELIU DE GUÍXOLS (17220)
17160;SANT FELIU DE GUÍXOLS;02;003;;A;A L;CENTRE CÍVIC VILARTAGUES;PLAÇA SALVADOR ESPRIU S/N - SANT FELIU DE GUÍXOLS (17220)
17160;SANT FELIU DE GUÍXOLS;02;003;;B;M Z;CENTRE CÍVIC VILARTAGUES;PLAÇA SALVADOR ESPRIU S/N - SANT FELIU DE GUÍXOLS (17220)
17160;SANT FELIU DE GUÍXOLS;02;004;;U;A Z;CENTRE CÍVIC VILARTAGUES;PLAÇA SALVADOR ESPRIU S/N - SANT FELIU DE GUÍXOLS (17220)
17160;SANT FELIU DE GUÍXOLS;02;005;;A;A L;ESCOLA BRESSOL L’ORENETA;C CORDOVA NUM: 43 - SANT FELIU DE GUÍXOLS (17220)
17160;SANT FELIU DE GUÍXOLS;02;005;;B;M Z;ESCOLA BRESSOL L’ORENETA;C CORDOVA NUM: 43 - SANT FELIU DE GUÍXOLS (17220)
17160;SANT FELIU DE GUÍXOLS;03;001;;A;A L;CEIP L’ESTACIO;C SANTA TERESA NUM: 49 - SANT FELIU DE GUÍXOLS (17220)
17160;SANT FELIU DE GUÍXOLS;03;001;;B;M Z;CEIP L’ESTACIO;C SANTA TERESA NUM: 49 - SANT FELIU DE GUÍXOLS (17220)
17160;SANT FELIU DE GUÍXOLS;03;002;;A;A L;CEIP BALDIRI REIXACH;C CORUNYA S/N - SANT FELIU DE GUÍXOLS (17220)
17160;SANT FELIU DE GUÍXOLS;03;002;;B;M Z;CEIP BALDIRI REIXACH;C CORUNYA S/N - SANT FELIU DE GUÍXOLS (17220)
17160;SANT FELIU DE GUÍXOLS;03;003;;A;A L;CEIP BALDIRI REIXACH;C CORUNYA S/N - SANT FELIU DE GUÍXOLS (17220)
17160;SANT FELIU DE GUÍXOLS;03;003;;B;M Z;CEIP BALDIRI REIXACH;C CORUNYA S/N - SANT FELIU DE GUÍXOLS (17220)
17160;SANT FELIU DE GUÍXOLS;04;001;;A;A L;CENTRE CIVIC TUEDA;C GRAVINA NUM: 39 - SANT FELIU DE GUÍXOLS (17220)
17160;SANT FELIU DE GUÍXOLS;04;001;;B;M Z;CENTRE CIVIC TUEDA;C GRAVINA NUM: 39 - SANT FELIU DE GUÍXOLS (17220)
17160;SANT FELIU DE GUÍXOLS;04;002;;U;A Z;CENTRE CIVIC TUEDA;C GRAVINA NUM: 39 - SANT FELIU DE GUÍXOLS (17220)
17161;SANT FELIU DE PALLEROLS;01;001;;A;A L;COL·LEGI PUBLIC ROCALBA (AULA A I B);CARRE VALLS (DELS) NUM: 4 - SANT FELIU DE PALLEROLS (17174)
17161;SANT FELIU DE PALLEROLS;01;001;;B;M Z;COL·LEGI PUBLIC ROCALBA (AULA A I B);CARRE VALLS (DELS) NUM: 4 - SANT FELIU DE PALLEROLS (17174)
17162;SANT FERRIOL;01;001;;U;A Z;CASA CONSISTORIAL;VENAT JUINYA S/N - JUINYA - SANT FERRIOL (17850)
17163;SANT GREGORI;01;001;;A;A L;ESCOLA PUBLICA AGUSTI GIFRE;PLAÇA POBLE NUM: 3 - SANT GREGORI (17150)
17163;SANT GREGORI;01;001;;B;M Z;ESCOLA PUBLICA AGUSTI GIFRE;PLAÇA POBLE NUM: 3 - SANT GREGORI (17150)
17163;SANT GREGORI;01;002;01;A;A Z;ESCOLA PUBLICA AGUSTI GIFRE;PLAÇA POBLE NUM: 3 - SANT GREGORI (17150)
17163;SANT GREGORI;01;002;02;B;A Z;ANTIGUES ESCOLES DE CARTELLÀ;PRAGE CARTELLA S/N - CARTELLA - SANT GREGORI (17199)
17164;SANT HILARI SACALM;01;001;;A;A L;COL.LEGI PUBLIC GUILLERIES;CARRE SANT JOSEP NUM: 12 - SANT HILARI SACALM (17403)
17164;SANT HILARI SACALM;01;001;;B;M Z;COL.LEGI PUBLIC GUILLERIES;CARRE SANT JOSEP NUM: 12 - SANT HILARI SACALM (17403)
17164;SANT HILARI SACALM;01;002;;A;A L;COL.LEGI PUBLIC GUILLERIES;CARRE SANT JOSEP NUM: 12 - SANT HILARI SACALM (17403)
17164;SANT HILARI SACALM;01;002;;B;M Z;COL.LEGI PUBLIC GUILLERIES;CARRE SANT JOSEP NUM: 12 - SANT HILARI SACALM (17403)
17164;SANT HILARI SACALM;01;003;;A;A L;COL.LEGI PUBLIC GUILLERIES;CARRE SANT JOSEP NUM: 12 - SANT HILARI SACALM (17403)
17164;SANT HILARI SACALM;01;003;;B;M Z;COL.LEGI PUBLIC GUILLERIES;CARRE SANT JOSEP NUM: 12 - SANT HILARI SACALM (17403)
17165;SANT JAUME DE LLIERCA;01;001;;U;A Z;AJUNTAMENT DE SANT JAUME DE LLIERCA;CARRE ANGELA BRUTAU NUM: 1 - SANT JAUME DE LLIERCA (17854)
17166;SANT JORDI DESVALLS;01;001;;U;A Z;AJUNTAMENT DE SANT JORDI DESVALLS;C/ DOCTOR MESEGUER NUM: 1 - SANT JORDI DESVALLS (17464)
17167;SANT JOAN DE LES ABADESSES;01;001;;U;A Z;EDIFICI ABADESSA EMMA;PLCET ARQUITECTE DURAN Y REYNALS N.: 7 - SANT JOAN DE LES ABADESSES (17860)
17167;SANT JOAN DE LES ABADESSES;01;002;;A;A K;ESCOLA PUBLICA MESTRE ANDREU;C MESTRE JOSEP MARIA ANDREU NUM: 4 - SANT JOAN DE LES ABADESSES (17860)
17167;SANT JOAN DE LES ABADESSES;01;002;;B;L Z;ESCOLA PUBLICA MESTRE ANDREU;C MESTRE JOSEP MARIA ANDREU NUM: 4 - SANT JOAN DE LES ABADESSES (17860)
17167;SANT JOAN DE LES ABADESSES;01;003;;U;A Z;LOCAL PARROQUIAL;C BOVER NUM: 4 - SANT JOAN DE LES ABADESSES (17860)
17168;SANT JOAN DE MOLLET;01;001;;U;A Z;AJUNTAMENT DE SANT JOAN DE MOLLET;AV CATALUNYA NUM: 20 - SANT JOAN DE MOLLET (17463)
17169;SANT JULIÀ DE RAMIS;01;001;;A;A L;PAVELLÓ D’ESPORTS - SALA 3;C/ TERRERA NUM: 1 - PLA DE BAIX (EL) - SANT JULIÀ DE RAMIS (17481)
17169;SANT JULIÀ DE RAMIS;01;001;;B;M Z;PAVELLÓ D’ESPORTS - SALA 3;C/ TERRERA NUM: 1 - PLA DE BAIX (EL) - SANT JULIÀ DE RAMIS (17481)
17169;SANT JULIÀ DE RAMIS;01;002;;U;A Z;LOCAL SOCIAL DE MEDINYÀ;C/ MIGDIA NUM: 20 - MEDINYA - SANT JULIÀ DE RAMIS (17482)
17170;VALLFOGONA DE RIPOLLÈS;01;001;;U;A Z;CASAL CULTURAL (SALA POLIVALENT);CARRE PUIG-ESTELA NUM: 11 - VALLFOGONA DE RIPOLLÈS (17862)
17171;SANT LLORENÇ DE LA MUGA;01;001;;U;A Z;AJUNTAMENT DE SANT LLORENÇ DE LA MUGA (SALA D’EXPOSICIONS);CARRE ESGLESIA NUM: 3 - SANT LLORENÇ DE LA MUGA (17732)
17172;SANT MARTÍ DE LLÉMENA;01;001;;U;A Z;LOCAL SOCIAL “ELS ESTUDIS”;CTRA GIRONA S/N - SANT MARTÍ DE LLÉMENA (17153)
17173;SANT MARTÍ VELL;01;001;;U;A Z;AJUNTAMENT DE SANT MARTI VELL (LOCAL ANNEX);CARRE DALT NUM: 1 - SANT MARTÍ VELL (17462)
17174;SANT MIQUEL DE CAMPMAJOR;01;001;;U;A Z;AJUNTAMENT DE SANT MIQUEL DE CAMPMAJOR (SALA DE PLENS);PRAGE MASOS SANT MIQUEL DE CAMPMAJOR S/N - SANT MIQUEL DE CAMPMAJOR (17831)
17175;SANT MIQUEL DE FLUVIÀ;01;001;;U;A Z;CENTRE CIVIC “EL CLUB”;CARRE ESTACIO NUM: 12 - SANT MIQUEL DE FLUVIÀ (17475)
17176;SANT MORI;01;001;;U;A Z;AJUNTAMENT DE SANT MORI;CARRE SERRES (DE LES) NUM: 2 - SANT MORI (17467)
17177;SANT PAU DE SEGÚRIES;01;001;;U;A Z;ESCOLA PUBLICA ELS PINETS;CARRE TER NUM: 2 - SANT PAU DE SEGÚRIES (17864)
17178;SANT PERE PESCADOR;01;001;;A;A L;CASAL DE SANT PERE PESCADOR (1ª PLANTA);CARRE FORN NUM: 2 - SANT PERE PESCADOR (17470)
17178;SANT PERE PESCADOR;01;001;;B;M Z;CASAL DE SANT PERE PESCADOR (1ª PLANTA);CARRE FORN NUM: 2 - SANT PERE PESCADOR (17470)
17180;SANTA COLOMA DE FARNERS;01;001;;A;A L;COL.LEGI PUBLIC SANT SALVADOR D’HORTA;PG SANT SALVADOR NUM: 12 - SANTA COLOMA DE FARNERS (17430)
17180;SANTA COLOMA DE FARNERS;01;001;;B;M Z;COL.LEGI PUBLIC SANT SALVADOR D’HORTA;PG SANT SALVADOR NUM: 12 - SANTA COLOMA DE FARNERS (17430)
17180;SANTA COLOMA DE FARNERS;01;002;;A;A K;COL.LEGI PUBLIC SANT SALVADOR D’HORTA;PG SANT SALVADOR NUM: 12 - SANTA COLOMA DE FARNERS (17430)
17180;SANTA COLOMA DE FARNERS;01;002;;B;L Z;COL.LEGI PUBLIC SANT SALVADOR D’HORTA;PG SANT SALVADOR NUM: 12 - SANTA COLOMA DE FARNERS (17430)
17180;SANTA COLOMA DE FARNERS;01;003;;A;A L;COL.LEGI PUBLIC SANT SALVADOR D’HORTA;PG SANT SALVADOR NUM: 12 - SANTA COLOMA DE FARNERS (17430)
17180;SANTA COLOMA DE FARNERS;01;003;;B;M Z;COL.LEGI PUBLIC SANT SALVADOR D’HORTA;PG SANT SALVADOR NUM: 12 - SANTA COLOMA DE FARNERS (17430)
17180;SANTA COLOMA DE FARNERS;01;004;;A;A L;COL.LEGI PUBLIC SANT SALVADOR D’HORTA;PG SANT SALVADOR NUM: 12 - SANTA COLOMA DE FARNERS (17430)
17180;SANTA COLOMA DE FARNERS;01;004;;B;M Z;COL.LEGI PUBLIC SANT SALVADOR D’HORTA;PG SANT SALVADOR NUM: 12 - SANTA COLOMA DE FARNERS (17430)
17180;SANTA COLOMA DE FARNERS;01;005;;A;A L;COL.LEGI PUBLIC SANT SALVADOR D’HORTA;PG SANT SALVADOR NUM: 12 - SANTA COLOMA DE FARNERS (17430)
17180;SANTA COLOMA DE FARNERS;01;005;;B;M Z;COL.LEGI PUBLIC SANT SALVADOR D’HORTA;PG SANT SALVADOR NUM: 12 - SANTA COLOMA DE FARNERS (17430)
17180;SANTA COLOMA DE FARNERS;01;006;;A;A L;COL.LEGI PUBLIC SANT SALVADOR D’HORTA;PG SANT SALVADOR NUM: 12 - SANTA COLOMA DE FARNERS (17430)
17180;SANTA COLOMA DE FARNERS;01;006;;B;M Z;COL.LEGI PUBLIC SANT SALVADOR D’HORTA;PG SANT SALVADOR NUM: 12 - SANTA COLOMA DE FARNERS (17430)
17181;SANTA CRISTINA D’ARO;01;001;;A;A K;CEIP PEDRALTA;AV ESGLÉSIA (DE L’) NUM: 4 - SANTA CRISTINA D’ARO (17246)
17181;SANTA CRISTINA D’ARO;01;001;;B;L Z;CEIP PEDRALTA;AV ESGLÉSIA (DE L’) NUM: 4 - SANTA CRISTINA D’ARO (17246)
17181;SANTA CRISTINA D’ARO;01;002;;A;A K;CEIP PEDRALTA;AV ESGLÉSIA (DE L’) NUM: 4 - SANTA CRISTINA D’ARO (17246)
17181;SANTA CRISTINA D’ARO;01;002;;B;L Z;CEIP PEDRALTA;AV ESGLÉSIA (DE L’) NUM: 4 - SANTA CRISTINA D’ARO (17246)
17182;SANTA LLOGAIA D’ÀLGUEMA;01;001;;U;A a la;Z CENTRE CÍVIC DE SANTA LLOGAIA D’ÀLGUEMA;CARRE ESCOLES NUM: 9 - SANTA LLOGAIA D’ÀLGUEMA (17771)
17183;SANT ANIOL DE FINESTRES;01;001;;U;A Z;LOCAL SOCIAL;CARRE ESCOLES NUM: 2 - SANT ESTEVE DE LLEMENA - SANT ANIOL DE FINESTRES (17154)
17184;SANTA PAU;01;001;01;A;A Z;CEIP JOAN MARAGALL;CARRE ESCOLA NUM: 26 - SANTA PAU (17811)
17184;SANTA PAU;01;001;02;B;A Z;CENTRE SOCIAL “CAN BLANC”;CARRE ESGLESIA NUM: 22 - URBANITZACIO CAN BLANC - SANTA PAU (17811)
17185;SANT JOAN LES FONTS;01;001;;A;A K;ESCOLA MUNICIPAL DE BELLES ARTS;C/ SANT ANTONI NUM: 12 - SANT JOAN LES FONTS (17857)
17185;SANT JOAN LES FONTS;01;001;;B;L Z;ESCOLA MUNICIPAL DE BELLES ARTS;C/ SANT ANTONI NUM: 12 - SANT JOAN LES FONTS (17857)
17185;SANT JOAN LES FONTS;01;002;;U;A Z;ESCOLA MUNICIPAL DE BELLES ARTS;C/ SANT ANTONI NUM: 12 - SANT JOAN LES FONTS (17857)
17185;SANT JOAN LES FONTS;01;003;01;A;A Z;LLAR D’AVIS;AV ESCOLES NUM: 1 - CANYA (LA) - SANT JOAN LES FONTS (17857)
17185;SANT JOAN LES FONTS;01;003;02;B;A Z;CENTRE SOCIO-CULTURAL;CTRA BEGUDA S/N - BEGUDA - SANT JOAN LES FONTS (17857)
17186;SARRIÀ DE TER;01;001;;A;A L;EDIFICI “EL CORO”;PLCET FONT NUM: 9 - SARRIÀ DE TER (17840)
17186;SARRIÀ DE TER;01;001;;B;M Z;EDIFICI “EL CORO”;PLCET FONT NUM: 9 - SARRIÀ DE TER (17840)
17186;SARRIÀ DE TER;01;002;;A;A L;CENTRE CIVIC SARRIA DE DALT (ED. COOPERATIVA);CARRE XUNCLA NUM: 1 - SARRIÀ DE TER (17840)
17186;SARRIÀ DE TER;01;002;;B;M Z;CENTRE CIVIC SARRIA DE DALT (ED. COOPERATIVA);CARRE XUNCLA NUM: 1 - SARRIÀ DE TER (17840)
17186;SARRIÀ DE TER;01;003;;A;A L;LOCAL SOCIAL DE LA RASA;CARRE FLOR DE NEU S/N - SARRIÀ DE TER (17840)
17186;SARRIÀ DE TER;01;003;;B;M Z;LOCAL SOCIAL DE LA RASA;CARRE FLOR DE NEU S/N - SARRIÀ DE TER (17840)
17187;SAUS, CAMALLERA I LLAMPAIES;01;001;;U;A Z;CASA DE LA VILA;PL VILA (DE LA) S/N - CAMALLERA - SAUS, CAMALLERA I LLAMPAIES (17465)
17188;SELVA DE MAR (LA);01;001;;U;A Z;CENTRE CULTURAL I D’ESBARJO;CTRA PORT DE LA SELVA S/N - SELVA DE MAR (LA) (17489)
17189;CELLERA DE TER (LA);01;001;;U;A Z;AJUNTAMENT DE LA CELLERA DE TER;AV MONTSERRAT NUM: 20 - CELLERA DE TER (LA) (17165)
17189;CELLERA DE TER (LA);01;002;;U;A Z;AJUNTAMENT DE LA CELLERA DE TER;AV MONTSERRAT NUM: 20 - CELLERA DE TER (LA) (17165)
17190;SERINYÀ;01;001;;U;A Z;CEIP “BORA GRAN DE SERINYÀ”;PLAÇA AJUNTAMENT NUM: 7 - SERINYÀ (17852)
17191;SERRA DE DARÓ;01;001;;U;A Z;AJUNTAMENT DE SERRA DE DARO;CARRE DARO NUM: 1 - SERRA DE DARÓ (17133)
17192;SETCASES;01;001;;U;A Z;AJUNTAMENT DE SETCASES;PLAÇA MAJOR NUM: 1 - SETCASES (17869)
17193;SILS;01;001;;A;A L;CENTRE CULTURAL I RECREATIU “LA LAGUNA”;CARRE ESGLESIA NUM: 15 - SILS (17410)
17193;SILS;01;001;;B;M Z;CENTRE CULTURAL I RECREATIU “LA LAGUNA”;CARRE ESGLESIA NUM: 15 - SILS (17410)
17193;SILS;01;002;;A;A L;CENTRE CULTURAL I RECREATIU “LA LAGUNA”;CARRE ESGLESIA NUM: 15 - SILS (17410)
17193;SILS;01;002;;B;M Z;CENTRE CULTURAL I RECREATIU “LA LAGUNA”;CARRE ESGLESIA NUM: 15 - SILS (17410)
17193;SILS;01;003;;A;A L;CENTRE CULTURAL I RECREATIU “LA LAGUNA”;CARRE ESGLESIA NUM: 15 - SILS (17410)
17193;SILS;01;003;;B;M Z;CENTRE CULTURAL I RECREATIU “LA LAGUNA”;CARRE ESGLESIA NUM: 15 - SILS (17410)
17194;SUSQUEDA;01;001;;U;A Z;LOCAL SOCIAL DE SUSQUEDA (ANNEX AJUNTAMENT);PLAÇA AJUNTAMENT NUM: 1 - SANT MARTI SACALM - SUSQUEDA (17171)
17195;TALLADA D’EMPORDÀ (LA);01;001;;;U A a la;Z AJUNTAMENT DE LA TALLADA D’EMPORDÀ;C/ TORRES NUM: 1 - TALLADA D’EMPORDÀ (LA) (17134)
17196;TERRADES;01;001;;U;A Z;AJUNTAMENT DE TERRADES;CARRE MAJOR NUM: 7 - TERRADES (17731)
17197;TORRENT;01;001;;U;A Z;CASA DE LA VILA (SALA DE PLENS);PLAÇA MAJOR NUM: 1 - TORRENT (17123)
17198;TORROELLA DE FLUVIÀ;01;001;;U;A Z;SALA D’EXPOSICIONS;PLAÇA AJUNTAMENT NUM: 2 - TORROELLA DE FLUVIÀ (17474)
17199;TORROELLA DE MONTGRÍ;01;001;;A;A L;CONVENT DELS AGUSTINS;CARRE ONZE DE SETEMBRE NUM: 2 - TORROELLA DE MONTGRÍ (17257)
17199;TORROELLA DE MONTGRÍ;01;001;;B;M Z;CONVENT DELS AGUSTINS;CARRE ONZE DE SETEMBRE NUM: 2 - TORROELLA DE MONTGRÍ (17257)
17199;TORROELLA DE MONTGRÍ;01;002;;U;A Z;CONVENT DELS AGUSTINS;CARRE ONZE DE SETEMBRE NUM: 2 - TORROELLA DE MONTGRÍ (17257)
17199;TORROELLA DE MONTGRÍ;01;003;;A;A K;ENTITAT MUNICIPAL DESCENTRALITZADA DE L’ESTARTIT;CARRE PORT NUM: 25 - ESTARTIT (L’) - TORROELLA DE MONTGRÍ (17258)
17199;TORROELLA DE MONTGRÍ;01;003;;B;L Z;ENTITAT MUNICIPAL DESCENTRALITZADA DE L’ESTARTIT;CARRE PORT NUM: 25 - ESTARTIT (L’) - TORROELLA DE MONTGRÍ (17258)
17199;TORROELLA DE MONTGRÍ;01;004;;A;A K;CONVENT DELS AGUSTINS;CARRE ONZE DE SETEMBRE NUM: 2 - TORROELLA DE MONTGRÍ (17257)
17199;TORROELLA DE MONTGRÍ;01;004;;B;L Z;CONVENT DELS AGUSTINS;CARRE ONZE DE SETEMBRE NUM: 2 - TORROELLA DE MONTGRÍ (17257)
17199;TORROELLA DE MONTGRÍ;01;005;;U;A Z;CONVENT DELS AGUSTINS;CARRE ONZE DE SETEMBRE NUM: 2 - TORROELLA DE MONTGRÍ (17257)
17199;TORROELLA DE MONTGRÍ;01;006;;A;A L;CONVENT DELS AGUSTINS;CARRE ONZE DE SETEMBRE NUM: 2 - TORROELLA DE MONTGRÍ (17257)
17199;TORROELLA DE MONTGRÍ;01;006;;B;M Z;CONVENT DELS AGUSTINS;CARRE ONZE DE SETEMBRE NUM: 2 - TORROELLA DE MONTGRÍ (17257)
17199;TORROELLA DE MONTGRÍ;01;007;;U;A Z;CONVENT DELS AGUSTINS;CARRE ONZE DE SETEMBRE NUM: 2 - TORROELLA DE MONTGRÍ (17257)
17200;TORTELLÀ;01;001;;U;A Z;CASAL DE LA GENT GRAN;PLAÇA MERCAT NUM: 22 - TORTELLÀ (17853)
17201;TOSES;01;001;;U;A Z;AJUNTAMENT DE TOSES;CARRE SOLEI NUM: 2 - TOSES (17536)
17202;TOSSA DE MAR;01;001;;U;A Z;EDIFICI LA NAU;AV PELEGRI NUM: 25 - TOSSA - TOSSA DE MAR (17320)
17202;TOSSA DE MAR;01;002;;A;A L;EDIFICI LA NAU;AV PELEGRI NUM: 25 - TOSSA - TOSSA DE MAR (17320)
17202;TOSSA DE MAR;01;002;;B;M Z;EDIFICI LA NAU;AV PELEGRI NUM: 25 - TOSSA - TOSSA DE MAR (17320)
17202;TOSSA DE MAR;01;003;;A;A L;EDIFICI LA NAU;AV PELEGRI NUM: 25 - TOSSA - TOSSA DE MAR (17320)
17202;TOSSA DE MAR;01;003;;B;M Z;EDIFICI LA NAU;AV PELEGRI NUM: 25 - TOSSA - TOSSA DE MAR (17320)
17203;ULTRAMORT;01;001;;U;A Z;CASA CONSISTORIAL (BAIXOS);PLAÇA CONSTITUCIO NUM: 1 - ULTRAMORT (17133)
17204;ULLÀ;01;001;;U;A Z;CENTRE CÍVIC D’ULLÀ;CARRE RESCLOSA (LA) NUM: 12 - ULLÀ (17140)
17205;ULLASTRET;01;001;;U;A Z;AJUNTAMENT D’ULLASTRET;CARRE RECTORIA NUM: 5 - ULLASTRET (17114)
17206;URÚS;01;001;;U;A Z;LOCAL SOCIAL;C/ SANT CLIMENT NUM: 3 - URÚS (17538)
17207;VALL D’EN BAS (LA);01;001;01;A;A Z;ESCOLA DE PARVULS DE SANT ESTEVE D’EN BAS;AV FERNANDO LAPARTE NUM: 4 - BAS - VALL D’EN BAS (LA) (17176)
17207;VALL D’EN BAS (LA);01;001;02;B;A Z;LOCAL SOCIAL DELS HOSTALETS D’EN BAS;PLAÇA MAJOR HOSTALETS NUM: 6 - HOSTALETS D’EN BAS - BAS - VALL D’EN BAS (LA) (17177)
17207;VALL D’EN BAS (LA);01;002;01;A;A K;ANTIGUES ESCOLES;PG GENERAL ESTARTÚS NUM: 57 - SANT PRIVAT D’EN BAS - VALL D’EN BAS (LA) (17178)
17207;VALL D’EN BAS (LA);01;002;01;B;L Z;ANTIGUES ESCOLES;PG GENERAL ESTARTÚS NUM: 57 - SANT PRIVAT D’EN BAS - VALL D’EN BAS (LA) (17178)
17207;VALL D’EN BAS (LA);01;002;02;C;A Z;ANTIGUES ESCOLES DE NENS;LLOC JOANETES NUM: 61 - JOANETES - VALL D’EN BAS (LA) (17176)
17208;VALL DE BIANYA (LA);01;001;01;A;A Z;ANTIGA ESCOLA DE L’HOSTALNOU;CTRA CAMPRODON (DE) NUM: 2 - HOSTALNOU DE BIANYA (L’) - VALL DE BIANYA (LA) (17813)
17208;VALL DE BIANYA (LA);01;001;02;B;A Z;LLAR D’INFANTS MUNICIPAL;C/ LLUIS DE BOLOS NUM: 12 - CANYA (LA) - VALL DE BIANYA (LA) (17858)
17209;VALL-LLOBREGA;01;001;;U;A Z;SALA POLIVALENT;CARRE RAVAL DE BAIX NUM: 23 - ZONA RURAL RAVAL DE BAIX - EIXAMPLE - VALL-LLOBREGA (17253)
17210;VENTALLÓ;01;001;;U;A Z;ESCOLES MUNICIPALS;CARRE ESCOLES NUM: 1 - VENTALLÓ (17473)
17211;VERGES;01;001;;U;A Z;CASA DE CULTURA;CARRE PLACETA (LA) NUM: 2 - VERGES (17142)
17212;VIDRÀ;01;001;;U;A Z;BIBLIOTECA MUNICIPAL;PLAÇA AJUNTAMENT S/N - VIDRÀ (17515)
17213;VIDRERES;01;001;;A;A K;COL.LEGI PUBLIC SANT ISCLE;CARRE ORIENT NUM: 115 - VIDRERES (17411)
17213;VIDRERES;01;001;;B;L Z;COL.LEGI PUBLIC SANT ISCLE;CARRE ORIENT NUM: 115 - VIDRERES (17411)
17213;VIDRERES;01;002;;U;A Z;COL.LEGI PUBLIC SANT ISCLE;CARRE ORIENT NUM: 115 - VIDRERES (17411)
17213;VIDRERES;01;003;;A;A K;COL.LEGI PUBLIC SANT ISCLE;CARRE ORIENT NUM: 115 - VIDRERES (17411)
17213;VIDRERES;01;003;;B;L Z;COL.LEGI PUBLIC SANT ISCLE;CARRE ORIENT NUM: 115 - VIDRERES (17411)
17213;VIDRERES;01;004;;A;A L;COL.LEGI PUBLIC SANT ISCLE;CARRE ORIENT NUM: 115 - VIDRERES (17411)
17213;VIDRERES;01;004;;B;M Z;COL.LEGI PUBLIC SANT ISCLE;CARRE ORIENT NUM: 115 - VIDRERES (17411)
17214;VILABERTRAN;01;001;;U;A Z;ESCOLA TORRE D’EN REIG;C/ RAMON REIG NUM: 3 - VILABERTRAN (17760)
17215;VILABLAREIX;01;001;;A;A L;CENTRE CULTURAL CAN GRUART;CARRE FARIGOLA NUM: 50 - PERELLÓ (EL) - VILABLAREIX (17180)
17215;VILABLAREIX;01;001;;B;M Z;CENTRE CULTURAL CAN GRUART;CARRE FARIGOLA NUM: 50 - PERELLÓ (EL) - VILABLAREIX (17180)
17215;VILABLAREIX;01;002;;A;A L;CENTRE CULTURAL CAN GRUART;CARRE FARIGOLA NUM: 50 - PERELLÓ (EL) - VILABLAREIX (17180)
17215;VILABLAREIX;01;002;;B;M Z;CENTRE CULTURAL CAN GRUART;CARRE FARIGOLA NUM: 50 - PERELLÓ (EL) - VILABLAREIX (17180)
17216;VILADASENS;01;001;;U;A Z;CENTRE CÍVIC DE VILADASENS;CARRE MIGDIA NUM: 10 - VILADASENS (17464)
17217;VILADAMAT;01;001;;U;A Z;CENTRE CIVIC;PLAÇA VILA (DE LA) NUM: 1 - VILADAMAT (17137)
17218;VILADEMULS;01;001;01;A;A Z;LOCAL SOCIAL “EL PALLER DE VILADEMULS”;VENAT VILADEMULS NUM: 30 - VILADEMULS (17468)
17218;VILADEMULS;01;001;02;B;A Z;COL.LEGI SANT ESTEVE DE GUIALBES;VENAT SANT ESTEVE DE GUIALBES NUM: 4 - SANT ESTEVE DE GUIALBES - VILADEMULS (17468)
17220;VILADRAU;01;001;;U;A Z;AJUNTAMENT DE VILADRAU-ANTICS COL.LEGIS PUBLICS;C/ BALCELLS I MORATO NUM: 3 - VILADRAU (17406)
17221;VILAFANT;01;001;;A;A L;CEIP “SOL I VENT”;C/ ESCOLES NUM: 14 - VILAFANT (17740)
17221;VILAFANT;01;001;;B;M Z;CEIP “SOL I VENT”;C/ ESCOLES NUM: 14 - VILAFANT (17740)
17221;VILAFANT;01;002;;U;A Z;CEIP LES MÈLIES;C/ COMES (LES) NUM: 5 - ARENGADES-ENGINYERS - VILAFANT (17740)
17221;VILAFANT;01;003;;A;A L;CENTRE SOCIAL “LES FORQUES”;C/ REC SUSANNA NUM: 10 - FORQUES (LES) - VILAFANT (17740)
17221;VILAFANT;01;003;;B;M Z;CENTRE SOCIAL “LES FORQUES”;C/ REC SUSANNA NUM: 10 - FORQUES (LES) - VILAFANT (17740)
17221;VILAFANT;01;004;;A;A L;CEIP LES MÈLIES;C/ COMES (LES) NUM: 5 - ARENGADES-ENGINYERS - VILAFANT (17740)
17221;VILAFANT;01;004;;B;M Z;CEIP LES MÈLIES;C/ COMES (LES) NUM: 5 - ARENGADES-ENGINYERS - VILAFANT (17740)
17222;VILAÜR;01;001;;U;A Z;CENTRE CIVIC;CARRE TRAMUNTANA NUM: 5 - VILAÜR (17483)
17223;VILAJUÏGA;01;001;;U;A Z;AJUNTAMENT DE VILAJUÏGA (ANNEX);C/ SANT SEBASTIÀ NUM: 39 - VILAJUÏGA (17493)
17224;VILALLONGA DE TER;01;001;;U;A Z;ESCOLES NACIONALS;PLAÇA ESCOLES (DE LES) NUM: 1 - VILALLONGA DE TER (17869)
17225;VILAMACOLUM;01;001;;U;A Z;AJUNTAMENT DE VILAMACOLUM;PLAÇA CATALUNYA NUM: 1 - VILAMACOLUM (17474)
17226;VILAMALLA;01;001;;A;A K;CASA CONSISTORIAL (SALA D’ACTES);PLAÇA FONT S/N - VILAMALLA (17469)
17226;VILAMALLA;01;001;;B;L Z;CASA CONSISTORIAL (SALA D’ACTES);PLAÇA FONT S/N - VILAMALLA (17469)
17227;VILAMANISCLE;01;001;;U;A Z;SALA POLIVALENT;CARRE PLAÇA S/N - VILAMANISCLE (17781)
17228;VILANANT;01;001;;U;A Z;LOCAL SOCIAL DE VILANANT (SALA ANNEXA);CARRE ESCOLES NUM: 3 - VILANANT (17743)
17230;VILA-SACRA;01;001;;U;A Z;AJUNTAMENT DE VILA-SACRA;PLAÇA ABADIA (DE LA) NUM: 1 - VILA-SACRA (17485)
17232;VILOPRIU;01;001;;U;A Z;EL CASAL;CARRE PAÏSOS CATALANS (DELS) NUM: 4 - VILOPRIU (17466)
17233;VILOBÍ D’ONYAR;01;001;;;U A a la;Z CAN ROSCADA (BAIXOS);TRSSI CASA DE LA VILA NUM: 1 - VILOBÍ D’ONYAR (17185)
17233;VILOBÍ D’ONYAR;01;002;;;A A a la;L CAN ROSCADA (BAIXOS);TRSSI CASA DE LA VILA NUM: 1 - VILOBÍ D’ONYAR (17185)
17233;VILOBÍ D’ONYAR;01;002;;;B M a la;Z CAN ROSCADA (BAIXOS);TRSSI CASA DE LA VILA NUM: 1 - VILOBÍ D’ONYAR (17185)
17234;BIURE;01;001;;U;A Z;CENTRE CIVIC;C/ FONT NUM: 2 - BIURE (17723)
17901;CRUÏLLES, MONELLS I SANT SADURNÍ DE L’HEURA;01;001;01;A;A Z;ESCOLES D’EGB;CARRE RAVAL NUM: 8 - BORDETA (LA) - CRUÏLLES - CRUÏLLES, MONELLS I SANT SADURNÍ DE L’HEURA (17116)
17901;CRUÏLLES, MONELLS I SANT SADURNÍ DE L’HEURA;01;001;02;B;A Z;CAN GERONÈS (BAIXOS);CARRE ESGLESIA MONELLS NUM: 13 - MONELLS - CRUÏLLES, MONELLS I SANT SADURNÍ DE L’HEURA (17121)
17901;CRUÏLLES, MONELLS I SANT SADURNÍ DE L’HEURA;01;001;03;C;A Z;OFICINES MUNICIPALS;PLAÇA FONT NUM: 8 - SANT SADURNI - CRUÏLLES, MONELLS I SANT SADURNÍ DE L’HEURA (17118)
17902;FORALLAC;01;001;;U;A Z;LOCAL SOCIAL DE VULPELLAC;CARRE UNIO NUM: 3 - VULPELLAC - FORALLAC (17111)
17902;FORALLAC;01;002;01;A;A Z;CONSULTORI MEDIC DE FONTETA;CARRE EMPORDA NUM: 8 - FONTETA - FORALLAC (17110)
17902;FORALLAC;01;002;02;B;A Z;TEATRET DE PERATALLADA;CARRE ROCA NUM: 10 - PERATALLADA - FORALLAC (17113)
17903;SANT JULIÀ DEL LLOR I BONMATÍ;01;001;;U;A Z;CEIP SANT JORDI;PLAÇA MASSANA NUM: 1 - BONMATI - SANT JULIÀ DEL LLOR I BONMATÍ (17164)
